88b560e1-3e70-4d3c-b41d-e16e1f2538b0;75.716648;2018-05-31 16:00:41 +0200 CEST
6646fd3b-fcb4-4e4c-b6b1-656f3382b5b0;83.077429;2018-05-31 09:08:23 +0200 CEST
7481ea9b-b603-4b44-8bf2-98debde83f42;7.736506;2018-05-31 05:40:19 +0200 CEST
b1dd64ed-486e-4f8a-b595-6556107ef00f;89.183739;2018-05-31 08:05:48 +0200 CEST
b347e1eb-124b-41ad-97e4-fa7a69049e99;86.973904;2018-05-31 19:14:11 +0200 CEST
7b41cb58-e72e-4e8b-8f56-d6ee927698d3;91.707845;2018-05-31 13:00:31 +0200 CEST
bd9effcc-e99e-408d-84fb-bc39f3e7fac3;49.284865;2018-05-31 10:03:08 +0200 CEST
99f4999d-9407-4cf7-a023-ce5baf7cd8d9;58.836275;2018-05-31 13:21:35 +0200 CEST
bd1b546d-8cbc-44a4-a059-c59b1f93617d;5.877391;2018-05-31 04:04:28 +0200 CEST
a5d8656d-5443-4c68-ae34-006cbe6e2ad2;20.097952;2018-05-31 23:12:27 +0200 CEST
64f62816-8d3c-40ff-8f7a-5ff96d0c1daa;79.273813;2018-05-31 18:20:30 +0200 CEST
e75c1159-c8c9-4fa0-98d8-89bb04ddaad5;75.010666;2018-05-31 10:00:47 +0200 CEST
9b6b3811-18d5-44ad-bd89-0dbca690c266;32.916008;2018-05-31 13:28:00 +0200 CEST
38ffc73a-23b6-49b8-a8b3-c635effbb439;92.703625;2018-05-31 18:35:57 +0200 CEST
aad7b87e-6c7b-442f-ad84-6fa10a2b0bd5;47.148736;2018-05-31 02:52:19 +0200 CEST
ee935054-884a-473c-9fe3-57bc680baae1;32.918315;2018-05-31 19:43:19 +0200 CEST
8ae66caf-55b3-4b01-a60a-2a48b0fcedb7;96.415170;2018-05-31 12:50:36 +0200 CEST
f9bf92b6-bdb1-4dcd-b68e-90267c2e91e0;97.750606;2018-05-31 12:25:37 +0200 CEST
219215a2-89d3-485c-b0e4-0287f0269ebc;67.809521;2018-05-31 21:50:07 +0200 CEST
6a39d0d6-6197-426e-9c65-d2f162df9b22;22.153928;2018-05-31 04:51:24 +0200 CEST
1d82b32c-204f-48f6-955c-863c5f77a2ac;43.104410;2018-05-31 20:37:24 +0200 CEST
c8798219-f949-462a-b7c8-7d7a5c92cca2;70.603289;2018-05-31 17:30:35 +0200 CEST
70ec6d2c-4cf7-45db-8e9c-14b9a26720b6;2.755759;2018-05-31 18:51:02 +0200 CEST
955a7e22-e161-410f-855e-ed916c67c53b;79.392116;2018-05-31 04:06:12 +0200 CEST
700f3bb9-12fa-4dfe-b7c0-2e196b36d112;19.714262;2018-05-31 09:54:32 +0200 CEST
e5b3dc89-6e01-4c70-b009-1c5ca47ec8c8;55.074301;2018-05-31 16:05:03 +0200 CEST
cc4354de-b894-4d2b-ae24-3e33886130af;10.454244;2018-05-31 19:25:55 +0200 CEST
894bc9f7-7049-4603-b121-c0a7d50131b8;53.677323;2018-05-31 10:51:23 +0200 CEST
e05f4db6-2b93-4897-b15a-8ee3bd0df07d;38.592160;2018-05-31 10:33:22 +0200 CEST
97fcc781-1180-47b7-9dd8-a4b35e9b9149;31.710245;2018-05-31 13:23:07 +0200 CEST
fc439e90-724d-4f6b-b1e3-4a6e26c38dc0;49.952970;2018-05-31 22:41:58 +0200 CEST
e1ba63f4-a4a9-4cd4-b809-f9a37141e689;68.036306;2018-05-31 20:22:44 +0200 CEST
8d3d9951-c564-4cb0-906c-14c56d77c315;96.804654;2018-05-31 18:40:58 +0200 CEST
06cbda15-4049-4a49-bdce-aa8fe5829053;6.716169;2018-05-31 06:31:56 +0200 CEST
67ea8c45-2541-4a67-9c64-d561ceb5ec94;40.078452;2018-05-31 03:21:52 +0200 CEST
7f2336cb-1b29-4682-b9f9-b7ba32d9421d;99.107497;2018-05-31 05:45:33 +0200 CEST
5f76a9a4-36c3-4051-84a9-0307a0b09084;44.218023;2018-05-31 17:04:37 +0200 CEST
22b7dca2-f9bc-4374-80a2-41f27698de08;3.015342;2018-05-31 15:26:16 +0200 CEST
978b7c7c-daec-4bf0-9dff-a16d3ecddb52;59.133932;2018-05-31 13:18:51 +0200 CEST
8db0e5a9-01bc-4b81-9779-332fdd909cb5;30.489487;2018-05-31 17:47:20 +0200 CEST
5963ba55-7a88-406b-b8f2-f4961d5d71d5;31.502038;2018-05-31 14:48:42 +0200 CEST
02d92d3c-7da3-4c8c-a0bf-6d58744af218;10.283323;2018-05-31 02:38:27 +0200 CEST
54d92f0e-b71c-4a6b-b0f8-0b9f1bf8d8f0;37.091670;2018-05-31 10:44:29 +0200 CEST
03205de9-de23-4cea-88d3-d035cfd77224;17.823925;2018-05-31 22:29:58 +0200 CEST
6b0c758b-84bf-4a2b-b7e5-24c5752dcdbf;24.175573;2018-05-31 02:41:52 +0200 CEST
9cb453f5-2369-4817-b44d-db6f1611e9d0;28.430087;2018-05-31 04:42:39 +0200 CEST
445ea0d8-739a-4011-ba5f-055e8f40c389;19.666612;2018-05-31 04:04:45 +0200 CEST
3de31699-68e5-4315-9128-b37bcaea3efe;47.528204;2018-05-31 10:06:46 +0200 CEST
47c2626a-b3ad-4327-970f-4ad22d09f300;33.156018;2018-05-31 08:19:19 +0200 CEST
9980b5c7-3a52-4b4b-b615-7c29fc6a3d2d;57.859564;2018-05-31 10:09:15 +0200 CEST
40e821a2-b1df-4d75-8848-38a30721daf8;10.839840;2018-05-31 03:51:21 +0200 CEST
587eb0ed-8e5f-4b8e-a081-598f4e9dfb61;38.077801;2018-05-31 09:20:20 +0200 CEST
3f3f6035-a65b-4c3a-9549-f8d71cbef607;22.372883;2018-05-31 06:43:21 +0200 CEST
d24eb33e-3f27-41df-a1ba-c1e113fdb196;26.775427;2018-05-31 15:29:30 +0200 CEST
f7106826-46e8-4798-af51-2390c15c18cb;30.099218;2018-05-31 06:59:54 +0200 CEST
fafb6ae3-b16d-4cb1-94ec-d681577aeb0f;55.420677;2018-05-31 23:28:26 +0200 CEST
b938d703-7614-4d7b-8759-f80122fb6963;37.834007;2018-05-31 07:52:26 +0200 CEST
a6861323-2ab7-4d8b-8bc8-02dc4d2e84cf;40.006100;2018-05-31 05:36:53 +0200 CEST
93c5f532-3eea-44e7-a517-1240e17cf4bf;22.933593;2018-05-31 10:28:42 +0200 CEST
d3eb6537-d60d-4ba5-8064-e2f929602924;0.574316;2018-05-31 03:25:15 +0200 CEST
8e0c1080-f038-4ceb-92be-d08dabab3d51;78.328464;2018-05-31 09:42:12 +0200 CEST
03e4e6bd-30af-4057-8f33-ea0abcf92b8d;18.914977;2018-05-31 12:11:07 +0200 CEST
0f4b5df9-7291-4d0c-bdbd-609a68d7e62b;68.592862;2018-05-31 17:09:21 +0200 CEST
88fae64a-af00-48fd-b99d-b0867cdc967b;35.396908;2018-05-31 03:45:55 +0200 CEST
0ff25288-4069-468f-90de-61f759679c98;99.702731;2018-05-31 15:21:17 +0200 CEST
773595bd-b843-4435-bb73-feb11100d04a;81.650992;2018-05-31 03:05:41 +0200 CEST
b9130bb7-9c00-4e0f-baa3-3cb778f01a54;2.452804;2018-05-31 16:23:32 +0200 CEST
6545f654-cb83-4d51-b58e-b5a4fb33a832;63.570056;2018-05-31 02:53:36 +0200 CEST
d2c4a5e5-c117-4c6a-9162-9d9040605d2d;33.353823;2018-05-31 02:34:31 +0200 CEST
a9f255ea-0e7d-4fc9-a579-481d2aefcf8f;77.726345;2018-05-31 07:01:19 +0200 CEST
02dd5d22-45d4-4d8f-a162-7947a54adf3f;13.760279;2018-05-31 05:28:39 +0200 CEST
18f20df5-9e65-4ef1-bfe2-ac02f51a3eaf;27.841247;2018-05-31 15:00:21 +0200 CEST
42328622-2730-467c-8d05-e43b6dd230b2;76.552863;2018-05-31 05:06:07 +0200 CEST
a4a560ad-f2b7-47be-9802-d3601f71ff0f;53.005134;2018-05-31 23:50:17 +0200 CEST
53ca3294-dad5-48b8-b621-429050ca3407;72.422005;2018-05-31 10:40:26 +0200 CEST
39b52477-3d2b-4584-840a-3e49238b29a9;87.779476;2018-05-31 03:25:27 +0200 CEST
a9cb15fb-3ee3-4271-b282-2c8f197c3b7e;0.916958;2018-05-31 02:17:19 +0200 CEST
049f2f10-78cd-4cab-a7a6-c8ef38444d60;28.378510;2018-05-31 13:32:16 +0200 CEST
bda6dc55-c0ea-4594-b2f5-5df0883e79c8;39.625240;2018-05-31 04:18:25 +0200 CEST
700fd454-2d71-4923-954d-6cfa445fbbfc;58.853242;2018-05-31 07:40:13 +0200 CEST
739a54eb-c5c1-4406-8d66-48a3520cfb91;46.199626;2018-05-31 21:42:25 +0200 CEST
fe8a94e6-1861-4039-a783-c00f314a0042;53.129352;2018-05-31 11:18:23 +0200 CEST
8f844d5d-7b6d-486c-9ab7-e0f8cdf1f0b9;68.264953;2018-05-31 19:48:17 +0200 CEST
a71e042a-e478-43ca-9699-dda6f98a637f;53.188294;2018-05-31 18:16:55 +0200 CEST
ea6693c8-3e1c-4c79-a0c5-e21b6ef0ea5e;19.211522;2018-05-31 14:53:43 +0200 CEST
9deefde1-f276-4d6b-a2c4-f844a2d445cd;64.411956;2018-05-31 13:23:46 +0200 CEST
944e3e71-31f6-4e8b-b005-3b94ba417260;64.144367;2018-05-31 07:57:49 +0200 CEST
ddfc7675-1ba7-4a69-b979-5f387ef351ab;0.662597;2018-05-31 13:43:40 +0200 CEST
77b21fba-7109-4f45-b4b1-aba9d6d2eda5;67.024559;2018-05-31 05:46:03 +0200 CEST
5bdc8e7e-52c5-4686-8229-24387283add2;7.538676;2018-05-31 23:11:56 +0200 CEST
4cd1c4c3-235b-49c9-be24-1ce123554726;14.233646;2018-05-31 19:20:34 +0200 CEST
e2e389b2-4323-4ec8-9707-2ff87c2dcb3b;93.287800;2018-05-31 13:40:59 +0200 CEST
ba3dccca-6a2d-4fba-bd84-c4d1d7f63557;5.107506;2018-05-31 22:32:36 +0200 CEST
c25f4d67-e77f-43e0-a546-d4088bbc82ce;60.221649;2018-05-31 23:14:54 +0200 CEST
7146fea6-8db1-4161-9cf7-47ed09712872;81.502329;2018-05-31 07:53:29 +0200 CEST
bc450363-1bba-47b8-bd7a-e00bf7e4d8c6;10.482767;2018-05-31 22:18:33 +0200 CEST
cc676cbb-7da9-4246-9701-b28b6afb5061;49.829729;2018-05-31 21:47:06 +0200 CEST
cf39f226-77bf-4e8d-a39c-0a7e30f895f6;54.671670;2018-05-31 17:15:38 +0200 CEST
688d0d9e-66d5-4fe4-b77d-f698c2162027;34.087621;2018-05-31 21:37:29 +0200 CEST
5002358e-0a09-4c18-a933-dbe270186480;23.495918;2018-05-31 13:11:50 +0200 CEST
026091d1-fb4f-4dab-ae83-4256027217a2;39.203002;2018-05-31 15:32:02 +0200 CEST
2c16e2f5-0ef2-4580-9cd0-4cf319146c5c;74.893921;2018-05-31 12:06:46 +0200 CEST
0cadc5b0-8442-4c75-bcf7-dd4b3f1d76fe;46.330668;2018-05-31 11:56:20 +0200 CEST
422c0acf-df36-46a8-a872-19fa6a997d39;20.339394;2018-05-31 14:26:18 +0200 CEST
97dd2d90-484a-47b7-a20d-3854eb82b11d;49.273367;2018-05-31 05:47:38 +0200 CEST
c152ac67-d509-483f-b4ae-e489f300096f;62.492671;2018-05-31 17:24:51 +0200 CEST
6820a3cc-f10a-4def-9ed6-c53b38674208;0.963110;2018-05-31 02:17:01 +0200 CEST
f5e9da27-c84f-401f-8e93-da9efe40d660;30.444283;2018-05-31 12:12:01 +0200 CEST
46744bbb-67e8-4690-af63-7a9a094aa25f;27.443658;2018-05-31 03:42:20 +0200 CEST
3afe4154-649c-4299-96a6-e2bcdbfd274e;60.908755;2018-05-31 13:30:52 +0200 CEST
6a4d1b9d-ad51-4284-a250-d95e022401c2;30.756915;2018-05-31 14:39:03 +0200 CEST
c0e23e3c-dc6e-4b92-8f3d-d3b1fb27753b;45.773178;2018-05-31 11:56:03 +0200 CEST
e12b67a6-717e-4dbd-bca6-5fccd8b7550c;47.532069;2018-05-31 08:18:32 +0200 CEST
1dea82f0-4193-4a4c-acb5-e0339af7cdb7;7.231023;2018-05-31 15:48:37 +0200 CEST
f091e570-7c03-4f41-b957-9ecb43533a0c;74.419029;2018-05-31 16:17:37 +0200 CEST
60be0781-ff9b-43b3-a1ca-6bb8345bd494;15.629918;2018-05-31 18:55:30 +0200 CEST
3a36432c-3262-42b3-8149-1fa35c259989;93.693694;2018-05-31 20:57:32 +0200 CEST
8919bade-44eb-4986-adc5-b8cd5b8f7f44;93.086281;2018-05-31 10:54:34 +0200 CEST
ede94ee8-7be7-4d24-99b1-d891b3f75c9c;39.580661;2018-05-31 21:22:37 +0200 CEST
9c46d6d1-4b48-4b20-9e68-f5d7f8d0319b;56.774603;2018-05-31 09:18:22 +0200 CEST
482d018c-17a8-4623-8fb1-3600d7d19ed5;82.364314;2018-05-31 22:13:58 +0200 CEST
b576a466-5e10-46a4-a431-ab66c71eac33;26.572843;2018-05-31 08:49:50 +0200 CEST
eb065590-ea99-4336-ac2e-749afbdc85d2;20.331821;2018-05-31 09:13:50 +0200 CEST
2c2c1548-edaf-440e-9db5-28c5157079e1;4.693109;2018-05-31 10:14:16 +0200 CEST
8445429a-dba4-43c1-a9d4-d193f5cf0153;33.507695;2018-05-31 09:11:22 +0200 CEST
aa96e258-2890-4148-84e2-a4b28655b5b4;37.762287;2018-05-31 09:35:05 +0200 CEST
c4d05988-c887-43a7-8fb2-33329172a5e2;34.273375;2018-05-31 22:25:58 +0200 CEST
4ea9c810-e550-4471-ac2f-fc17ecee3dc2;39.603564;2018-05-31 13:53:42 +0200 CEST
06cd3877-0654-4c26-a12b-aaa25ee99e6d;90.959934;2018-05-31 22:11:34 +0200 CEST
839b3d65-794c-4a28-9458-2888c63cc7bb;92.296152;2018-05-31 12:22:30 +0200 CEST
66c22e0e-4af8-4ba5-abca-ca963685c82b;91.086801;2018-05-31 03:22:08 +0200 CEST
5e046070-915b-465b-ae53-6ce95e7b9e34;19.754973;2018-05-31 16:23:37 +0200 CEST
30c1896e-dde0-455f-b629-64c0d344d315;82.620150;2018-05-31 02:55:56 +0200 CEST
7c08838b-aea8-4f02-a20e-d385aadaddf9;90.080877;2018-05-31 07:59:08 +0200 CEST
1f3cf5a1-8a9a-4150-9569-b28d0c16cf57;1.552503;2018-05-31 04:22:06 +0200 CEST
c1d0c50c-0e69-47c6-8a5f-dd73551148a0;72.945939;2018-05-31 18:59:51 +0200 CEST
7d606615-6eed-4b9c-bb6a-9add1bf45ded;36.822505;2018-05-31 19:37:49 +0200 CEST
06a68a2b-2008-44c3-90ff-07ecedcd6341;59.350491;2018-05-31 02:53:10 +0200 CEST
508cdb36-d7e9-4841-9570-0476a1614f27;55.078656;2018-05-31 05:52:23 +0200 CEST
e468b91d-a6c0-4408-a2b7-b8436f7bd4e1;33.946475;2018-05-31 23:55:50 +0200 CEST
8794c476-6f6b-43cd-90ac-c9b5bac8c381;55.312295;2018-05-31 12:44:36 +0200 CEST
fcb8b636-6a7a-48ec-a72f-c418ce7307f8;0.765947;2018-05-31 19:51:56 +0200 CEST
bf061bb1-6bc2-48be-8d3b-cff743f3f675;33.296007;2018-05-31 10:38:59 +0200 CEST
99b23f65-372d-4d8a-93fd-5425c7866d92;51.293491;2018-05-31 05:57:54 +0200 CEST
063bbd5c-b751-48d2-9a9a-18057900f0ed;66.263868;2018-05-31 09:44:24 +0200 CEST
1844cf14-999d-45eb-b4b1-c8e4d82f002a;26.636867;2018-05-31 06:05:55 +0200 CEST
9fab5ca9-083b-483c-94f2-ab06248051a4;32.304022;2018-05-31 15:22:10 +0200 CEST
7579ac0c-6985-4a57-8a4b-e4c1695d565d;62.688423;2018-05-31 05:24:52 +0200 CEST
be83106c-fceb-423a-b13d-8dbf3504f41a;31.296935;2018-05-31 06:23:53 +0200 CEST
b093c185-9901-4995-92c3-29641fce8468;19.323553;2018-05-31 05:06:16 +0200 CEST
88ed616b-e2d5-4c8c-98bd-10ffc37a85d8;3.356225;2018-05-31 10:43:08 +0200 CEST
7047bfb1-6a21-4037-88de-1b0a99aca821;1.807656;2018-05-31 21:29:22 +0200 CEST
1f76fa9f-3ad9-4ed8-b1f3-8ac9159aaaa3;26.980487;2018-05-31 22:32:46 +0200 CEST
4722225e-006d-4f8f-b9d4-ac3ed07c094e;14.175515;2018-05-31 23:50:56 +0200 CEST
3257b11d-90ac-4eab-ac6f-71ab5605339a;19.634623;2018-05-31 11:09:17 +0200 CEST
41390fce-00d1-4f06-90e1-ead05a5155b4;95.257741;2018-05-31 04:39:56 +0200 CEST
6ca6400c-e39a-4ad1-9711-5cd7b3811020;37.052928;2018-05-31 06:39:29 +0200 CEST
9040146a-9d5f-45e1-ac04-3351fa049e50;72.621299;2018-05-31 15:32:20 +0200 CEST
966fc347-4b16-484c-bbb9-7dc674034994;3.135682;2018-05-31 17:07:11 +0200 CEST
ab2dc9ea-c3a8-4d5b-91a7-592afc44c0d9;64.657951;2018-05-31 09:52:29 +0200 CEST
819fa001-8de9-450c-b0a1-e6d5d37c6f5b;82.337434;2018-05-31 02:46:06 +0200 CEST
30cfd870-0b5a-41df-9f6b-580381e90489;65.280113;2018-05-31 10:13:40 +0200 CEST
1a1bceec-3d07-4c9d-8c21-9986fb6555a1;21.891258;2018-05-31 17:56:18 +0200 CEST
10714a54-2cd1-4c32-a4f1-cb03a6af161e;4.120476;2018-05-31 17:55:31 +0200 CEST
7b6a7279-7a6a-45f2-afd7-6eff9c031edc;60.504074;2018-05-31 15:43:59 +0200 CEST
c15d4ef8-d918-47e8-8b94-f85785e618cd;90.661279;2018-05-31 06:18:45 +0200 CEST
ae05efbf-8f65-4479-a178-3ea8d9f5fca2;92.736870;2018-05-31 03:49:16 +0200 CEST
45f9af1f-617b-4967-8d43-80145bfed66a;77.192111;2018-05-31 11:38:47 +0200 CEST
4e299e62-b252-4ad0-9123-2cd78a984b3a;46.959832;2018-05-31 14:58:09 +0200 CEST
c67dd204-123e-4408-b110-18e312dd2cb3;24.580355;2018-05-31 08:25:48 +0200 CEST
d155ff84-3485-4b8f-b066-ef8555c60175;96.133212;2018-05-31 21:22:33 +0200 CEST
d75e59ff-574a-46c0-a138-12bb3510e4ef;88.715500;2018-05-31 18:42:12 +0200 CEST
b86198bf-ed4c-4cac-b485-52ce3b0430d7;93.679244;2018-05-31 20:32:44 +0200 CEST
85dc8345-fd55-4cde-9cdf-9a850397e183;49.656824;2018-05-31 22:46:22 +0200 CEST
52705125-7160-4417-a5ca-14e6f080d220;58.019131;2018-05-31 06:45:54 +0200 CEST
ca3b8a82-5750-4d14-ad5c-b7e7514852aa;90.277764;2018-05-31 21:58:01 +0200 CEST
48db27b2-8bcf-480f-82a8-27d73cf4d796;4.908255;2018-05-31 17:21:04 +0200 CEST
2090b3fe-9b4c-45ef-8723-fa84d9e7fc0a;14.651388;2018-05-31 03:08:14 +0200 CEST
532ad808-122c-46bd-aae4-a753f6b9ac56;70.005536;2018-05-31 07:04:50 +0200 CEST
dc8f9521-c182-4226-909b-b8961abbccf0;20.653421;2018-05-31 10:10:20 +0200 CEST
68c39cba-a803-4479-9132-41762d56909f;37.590548;2018-05-31 04:32:06 +0200 CEST
8f00a0b0-a843-4770-bb4d-067ce1c45348;88.502741;2018-05-31 05:40:05 +0200 CEST
7a43e9df-c638-4215-8cff-e2acce847ceb;35.253845;2018-05-31 06:35:38 +0200 CEST
e0e5c5db-d3cb-4d87-906a-35c4a28f570e;35.471746;2018-05-31 04:38:53 +0200 CEST
f91568f1-e16c-4bc7-a6cc-004b830481cb;96.169450;2018-05-31 09:55:19 +0200 CEST
d3a2dfbd-ae5b-48cb-a956-303832ba1316;46.638853;2018-05-31 08:52:32 +0200 CEST
7f1693a0-ad97-4e34-8459-feea40851212;58.103294;2018-05-31 12:51:11 +0200 CEST
b2ae6657-f09e-420b-a82d-76646d493085;75.272366;2018-05-31 08:40:06 +0200 CEST
822b5856-806f-4370-8e72-049b1a209b3f;69.031957;2018-05-31 06:20:02 +0200 CEST
705b31bd-bf48-4140-90e5-0abcf0e93b1f;72.543056;2018-05-31 13:28:34 +0200 CEST
c6a603db-6228-4d4c-8423-46f03df0d32f;39.976287;2018-05-31 08:05:39 +0200 CEST
e4f4040e-2df0-49d1-839f-65fa2d01359d;49.042744;2018-05-31 12:36:22 +0200 CEST
092e20a1-0f3c-42bf-afc8-3b7b602dda52;1.035598;2018-05-31 02:32:56 +0200 CEST
3248de16-ab51-400f-93d5-6713d06a2967;58.501909;2018-05-31 11:33:23 +0200 CEST
2f94a2aa-3469-4204-bcf7-c399dd2cfb2a;70.421944;2018-05-31 21:44:14 +0200 CEST
e921d83b-a77b-4aeb-bae0-52661398a223;66.425411;2018-05-31 22:38:22 +0200 CEST
0900aeac-34bc-4855-8e73-e87b70a466ef;47.200533;2018-05-31 15:53:16 +0200 CEST
e1d988c0-b8ff-4ee3-8ef2-edd605ac6e31;25.099764;2018-05-31 08:24:52 +0200 CEST
9d24954c-af65-4af3-a575-f35413cef65a;26.798659;2018-05-31 08:45:36 +0200 CEST
9b877eaa-3039-48a7-8b7c-869c752a00fa;31.658237;2018-05-31 07:10:29 +0200 CEST
9ba5a6c7-64e3-4de7-9fb0-cb402638b374;27.532522;2018-05-31 10:42:59 +0200 CEST
c6f7fdfa-624f-463c-8200-33bada08b5fe;70.703504;2018-05-31 05:20:06 +0200 CEST
a7ff5a0e-86f4-4ea1-8728-c39eea927d7c;83.762914;2018-05-31 03:30:21 +0200 CEST
958d76e0-7e80-41e0-ba75-d03f8eff0822;19.501625;2018-05-31 17:22:11 +0200 CEST
0f07e888-438e-4750-b43d-2464b4eee3ff;96.758883;2018-05-31 02:46:44 +0200 CEST
e6dc2068-501c-43db-845b-edf266066d8b;9.149730;2018-05-31 14:31:55 +0200 CEST
70b646e4-252c-4663-8bf0-aa15fcd226e4;16.359564;2018-05-31 03:41:56 +0200 CEST
d7cc8af7-42fa-4221-8ebc-45d19f80023a;64.715037;2018-05-31 10:27:17 +0200 CEST
8f0ca94d-a8f0-451b-a57c-567f93d833a7;0.748584;2018-05-31 14:25:13 +0200 CEST
f552faf3-7e2f-4669-a5a2-7898002d32a3;68.656650;2018-05-31 13:23:14 +0200 CEST
b25f5b8a-a3d3-41cf-8da8-46f42a1517da;57.269214;2018-05-31 22:13:52 +0200 CEST
31afc74e-05c9-41ff-894f-d0d8640c9180;69.026135;2018-05-31 09:49:40 +0200 CEST
a6d210dd-f15c-4e63-a725-d3828cc68c24;36.489066;2018-05-31 03:53:44 +0200 CEST
b7165cd8-6db3-4129-9199-bb09ccb2dbce;36.533539;2018-05-31 23:48:03 +0200 CEST
5be4c38e-5ded-4ec7-b972-8559dc672cee;82.720239;2018-05-31 06:37:23 +0200 CEST
cbbb3e87-412c-448d-a72b-fa5b38c2eac6;75.635567;2018-05-31 07:10:18 +0200 CEST
96f3a6bf-03d8-4634-970e-fa93ed8d1489;77.183441;2018-05-31 05:26:20 +0200 CEST
7ed89167-94cb-41ca-9afc-bf1977315cfc;1.735313;2018-05-31 12:44:02 +0200 CEST
6049df36-c59b-4365-8631-6ee587f7381f;4.947821;2018-05-31 03:59:24 +0200 CEST
59517a86-1c54-46f8-b615-2bd2be15a5b2;88.010031;2018-05-31 05:14:55 +0200 CEST
79defa81-f363-4ec0-a2ed-0e96bf680567;84.044705;2018-05-31 16:44:24 +0200 CEST
5c7a0a6b-0e47-4b3b-a446-81f9e1daa8eb;44.163916;2018-05-31 11:35:49 +0200 CEST
3b43fc57-74ad-4369-9354-7ea9dd040ee1;88.407221;2018-05-31 23:48:54 +0200 CEST
044cc849-985b-4602-b2aa-0a50e7643861;85.260423;2018-05-31 09:35:18 +0200 CEST
2d692316-9283-4434-acc9-b51df2a4de58;9.115283;2018-05-31 07:49:51 +0200 CEST
5f1671fb-935a-4b7a-b827-5acb33d45f45;65.240724;2018-05-31 19:04:14 +0200 CEST
f0af8740-47d7-4a0d-afde-e0cd970357e6;80.777059;2018-05-31 22:20:46 +0200 CEST
f7118538-3b15-4f80-a2b7-669bd4c97fc7;5.632314;2018-05-31 18:11:37 +0200 CEST
34f20084-95f0-452b-beca-4455c7adc091;4.865227;2018-05-31 11:11:34 +0200 CEST
b2769cef-e869-4b52-9318-1cc39334d326;96.029250;2018-05-31 13:44:25 +0200 CEST
8cf52f36-bdf7-48a3-9050-2b310f80a965;89.075191;2018-05-31 02:21:03 +0200 CEST
b25dee1a-e5a9-48f9-881a-eb6baa4b3e71;28.688078;2018-05-31 13:37:20 +0200 CEST
8fd1b322-0eec-46a0-b52b-73b2bd6329d2;47.179001;2018-05-31 08:58:36 +0200 CEST
52d9f549-b34e-4606-a57b-33b3b90cd6e5;75.534223;2018-05-31 21:13:02 +0200 CEST
fb6f7964-6275-4cde-8c3c-f233fe303d45;25.907388;2018-05-31 17:32:05 +0200 CEST
0b96878b-9687-40c6-a661-949afea4248e;74.535192;2018-05-31 05:38:05 +0200 CEST
fefadc35-4cdc-4590-b370-72400529101b;50.715832;2018-05-31 22:35:47 +0200 CEST
1b2634b2-c433-4f62-bc05-1240393ee87d;78.494146;2018-05-31 23:34:13 +0200 CEST
b7f700c2-ee96-4c24-bae6-e0a3aa840e5a;90.055851;2018-05-31 18:47:35 +0200 CEST
562cad9b-cb4e-4f92-ba46-91daa0ada422;45.923045;2018-05-31 05:51:09 +0200 CEST
bb5d9a61-59f9-4f03-a6b9-1710519b2a00;90.003955;2018-05-31 23:31:10 +0200 CEST
aee2d1fd-4a91-4775-a1d6-f955f2cb786e;51.231523;2018-05-31 03:31:22 +0200 CEST
f7762879-697f-46a9-9c7a-a8a174e0fb91;94.753405;2018-05-31 14:01:53 +0200 CEST
3a12e3f1-63ef-4622-9a05-7321ee9a9fe2;54.007859;2018-05-31 18:50:34 +0200 CEST
8e32f0a1-4ecc-4c4f-bba2-d7172e3640f9;74.093288;2018-05-31 09:32:52 +0200 CEST
7a48a764-7a1a-4719-aa71-cf64b1e2616f;25.503256;2018-05-31 11:31:54 +0200 CEST
12fcbbef-a5f0-48a5-8730-90882225ef6e;1.000449;2018-05-31 07:59:59 +0200 CEST
4112de97-60da-427d-b93d-923a4b4ac526;65.974725;2018-05-31 13:00:22 +0200 CEST
a818316c-f339-466a-84d3-230d1c69019d;51.991071;2018-05-31 21:02:03 +0200 CEST
895a40c6-2f9d-43d6-bcfb-2a92b5ef50c5;78.921779;2018-05-31 23:05:45 +0200 CEST
758678a3-ea87-4eb9-86e0-a3c49b622556;62.988965;2018-05-31 19:05:28 +0200 CEST
053b16d4-8cf8-459f-8cc2-03c3dcba7804;41.309931;2018-05-31 12:34:40 +0200 CEST
4538b94b-652b-49db-965c-4b38ed833b88;52.041385;2018-05-31 11:22:34 +0200 CEST
3fbd9f89-e010-493d-8cce-9bcb3d58b05c;8.011330;2018-05-31 08:07:05 +0200 CEST
cd6b266b-6f8e-4e0a-94da-1989614dc195;32.484898;2018-05-31 02:12:32 +0200 CEST
20ca41c2-0869-4af5-82a3-01415abc90cc;30.247968;2018-05-31 13:57:51 +0200 CEST
79d60599-5172-49d0-8906-7fc40340b10d;58.594974;2018-05-31 23:48:07 +0200 CEST
dee2d14f-125e-420a-bbda-95f307058e89;99.364405;2018-05-31 13:39:04 +0200 CEST
6081e1f8-39e9-48c1-99b7-32f9f882a273;18.345570;2018-05-31 12:42:20 +0200 CEST
84cf148b-8050-4bf3-b852-5ed43605c0ba;12.623919;2018-05-31 04:26:26 +0200 CEST
c7af7ea9-205d-4c6a-9e5a-b5e75e54e23a;33.742636;2018-05-31 21:35:32 +0200 CEST
6c5fd63f-7144-4388-84c5-fd238e939e9a;85.543334;2018-05-31 02:08:01 +0200 CEST
d9d8e213-18fa-4b5e-ae49-6d0d70232159;72.910654;2018-05-31 23:12:32 +0200 CEST
a9731eab-0be7-468e-8130-a3c28f378e3e;90.630549;2018-05-31 05:36:42 +0200 CEST
d0d83502-5e1f-4ce8-b227-d4e7fa016980;66.108557;2018-05-31 07:46:40 +0200 CEST
17f15f0a-975a-497a-94de-5cc57b007606;57.424772;2018-05-31 03:29:40 +0200 CEST
daed90f8-daf6-4fa7-ada0-6f17f984bbfd;25.497067;2018-05-31 11:49:27 +0200 CEST
f4163059-a25c-4278-98da-cce04bdbedb3;9.662317;2018-05-31 19:12:44 +0200 CEST
7e6036e4-43ef-455a-a35c-2b2ad7084a68;9.171910;2018-05-31 18:46:22 +0200 CEST
fc23f158-f003-46ce-bdaa-a29871f20e9e;68.763372;2018-05-31 14:44:59 +0200 CEST
e5256a52-439f-40b2-b48e-ab5c0b7bd25c;79.433058;2018-05-31 16:48:11 +0200 CEST
2d08d51d-45b1-4a4b-8169-6d2b216b512d;60.766179;2018-05-31 06:50:09 +0200 CEST
ab3c9641-9cb9-48cb-9e01-56c0261dd4ad;46.663943;2018-05-31 06:35:03 +0200 CEST
e633e6aa-646c-4a41-8075-471aafe24afd;21.448054;2018-05-31 13:43:45 +0200 CEST
b9b698f6-f316-4bc2-80a1-2cb4d2076ff9;33.096985;2018-05-31 22:11:50 +0200 CEST
6acf74f4-c298-4420-a40b-8db548e1ea50;20.259554;2018-05-31 05:12:17 +0200 CEST
db8f93db-766f-4023-99bd-a4a899acdd6f;87.674566;2018-05-31 11:02:45 +0200 CEST
aa5ff885-3a79-474e-b28b-f26cff5c16f9;8.507668;2018-05-31 16:47:52 +0200 CEST
022edeb6-6705-4350-8df0-9bd2960e2ebd;28.306527;2018-05-31 03:30:02 +0200 CEST
2cb64ad0-78c0-4001-995e-c332eb3f862c;79.977573;2018-05-31 12:03:04 +0200 CEST
53091ac3-3c4e-4f61-924f-6185886126a2;51.248673;2018-05-31 16:49:58 +0200 CEST
434433dd-8635-4dbb-a5f7-242121f4faee;3.869068;2018-05-31 11:32:01 +0200 CEST
56ad0d1b-9ceb-4de6-a3c5-8f1f6fd9b8f4;62.405933;2018-05-31 16:02:48 +0200 CEST
47ce9eb6-0867-437d-8770-c34bf6e82c13;46.525957;2018-05-31 20:23:23 +0200 CEST
322b8617-9ecb-4115-84df-c024ced9cd77;84.695236;2018-05-31 15:43:32 +0200 CEST
b9830db2-1b70-44a5-99e2-2829b5dfd4b7;64.557857;2018-05-31 08:58:31 +0200 CEST
c4e72597-1279-475f-bfbd-32be7b908033;90.899674;2018-05-31 14:42:37 +0200 CEST
4d1e44b9-ff96-4213-b6cf-54362f3deb4d;77.130328;2018-05-31 04:47:58 +0200 CEST
f95c12c8-2fd6-409f-ae35-34155a0f66ba;95.192844;2018-05-31 06:37:49 +0200 CEST
68fbe37a-569c-45ff-9022-7d94493de350;27.397073;2018-05-31 21:56:36 +0200 CEST
757f3f25-2e15-4913-b892-d2b671e91c58;30.547026;2018-05-31 11:53:43 +0200 CEST
1d3fd1b7-b7be-4230-a6c2-7be9e9d0f1ad;66.317699;2018-05-31 18:28:41 +0200 CEST
74efe047-40dc-48eb-858f-ab71c34b70a7;41.134498;2018-05-31 13:25:33 +0200 CEST
5e832bea-238e-46d6-af99-23bc0c951c18;60.686871;2018-05-31 17:02:47 +0200 CEST
b48808fc-1231-47d2-b18b-02ea59236f33;44.060440;2018-05-31 19:36:27 +0200 CEST
72641059-7a09-42ba-9a04-08d8e4b6ade7;34.391100;2018-05-31 05:30:57 +0200 CEST
6f2db30b-86bb-4e46-bebb-c3bf38ffdadc;27.854435;2018-05-31 14:57:08 +0200 CEST
c54a6dc6-f497-4767-af4a-20612b8f162c;15.501002;2018-05-31 02:58:18 +0200 CEST
90747a68-a7b1-44e7-a1ec-f81a974a5254;37.566523;2018-05-31 17:04:25 +0200 CEST
6b773691-746a-49da-939d-5f24e3d36c0f;23.723640;2018-05-31 11:55:35 +0200 CEST
38e01ee3-df25-40b2-862c-3d6a06237724;44.501748;2018-05-31 04:39:32 +0200 CEST
6073183c-0a69-4101-8c0b-3a0e65df07b6;68.144589;2018-05-31 06:58:20 +0200 CEST
40800cf4-2059-4f53-94d6-7c76440a7739;41.497734;2018-05-31 22:56:28 +0200 CEST
d7273a56-6103-43e6-893f-7118f043717f;95.459292;2018-05-31 11:25:31 +0200 CEST
aeae7fc4-db31-4b99-b413-7a77affbf0e7;64.219042;2018-05-31 04:28:10 +0200 CEST
64830a47-09f1-4260-9223-6c6ca0f1a9e0;40.154032;2018-05-31 06:59:06 +0200 CEST
f20f44ca-a49a-4236-858c-1edd9b21d2c5;3.439244;2018-05-31 20:53:38 +0200 CEST
57436402-cf32-4fd7-9e9b-8379bf1e3a2e;29.695526;2018-05-31 07:47:33 +0200 CEST
4c24f407-f7e4-445a-860a-6b688bac76c6;57.881047;2018-05-31 04:56:22 +0200 CEST
8d8577d3-d634-452a-bb16-675f71aeb463;54.722036;2018-05-31 16:47:55 +0200 CEST
e4910728-39e0-45f0-b0dc-0bda2aa3acf3;91.569044;2018-05-31 20:44:43 +0200 CEST
4cf26b25-5a6c-4f08-ba1e-0757d2f600e0;64.185872;2018-05-31 13:59:53 +0200 CEST
9647ee2f-8b2c-42b4-aa4d-44b8547d0e0d;70.985326;2018-05-31 19:33:35 +0200 CEST
2b3d384b-d894-4800-9fcf-3fb06b4c1f05;80.129940;2018-05-31 04:14:35 +0200 CEST
9e4c8e75-6438-4f69-8a4a-bdca9f6b5718;41.040388;2018-05-31 23:04:51 +0200 CEST
8a37651d-acd8-4682-a632-36a70144d2d8;42.729604;2018-05-31 15:20:20 +0200 CEST
714004d7-6d89-45f0-9031-a59f12c522f5;71.658982;2018-05-31 22:42:44 +0200 CEST
c65567a9-f567-4da0-9870-92511fa2970b;51.962675;2018-05-31 07:46:46 +0200 CEST
328235f0-5556-4c67-a001-29a9442b2b7e;20.877767;2018-05-31 16:15:05 +0200 CEST
6666c0ec-047c-45f6-a296-cba7930443aa;64.293671;2018-05-31 15:59:05 +0200 CEST
177338de-54c4-4258-9bf1-51a5287bd142;43.502793;2018-05-31 03:43:17 +0200 CEST
f7dd8045-4f02-49d4-bb34-8f7aa88c96cf;95.286705;2018-05-31 11:20:19 +0200 CEST
8128c313-9ed7-498c-9d67-f91cc977c2b7;1.054896;2018-05-31 07:17:40 +0200 CEST
aaa6fecc-9237-4e97-b00e-162d9f2cbc63;27.884349;2018-05-31 23:00:56 +0200 CEST
8a987395-b51e-4571-b07a-6699aacc0f01;20.816635;2018-05-31 02:14:10 +0200 CEST
29133768-2c17-4f08-80a2-24c203114777;55.834764;2018-05-31 17:15:08 +0200 CEST
df4b4dac-60f9-4d62-b215-0ea15b22f7a7;72.751966;2018-05-31 14:09:24 +0200 CEST
9f9d34ea-307a-4081-8e6a-f17ee6c33bbf;74.320964;2018-05-31 12:27:12 +0200 CEST
ff85b5d7-fa4a-49fc-ab2b-0e00d690efd6;52.985839;2018-05-31 02:59:32 +0200 CEST
730263de-caaa-451f-a243-21584bd2f633;15.079956;2018-05-31 16:32:05 +0200 CEST
f5e921b4-0b81-4c51-a282-1b978aab9787;45.623743;2018-05-31 22:31:02 +0200 CEST
20483ecb-7c93-4d59-8695-b78545b8b3e1;20.455931;2018-05-31 10:35:52 +0200 CEST
c35d159e-12ee-4bc8-9fee-0340fb1c9839;8.009630;2018-05-31 11:05:37 +0200 CEST
7a4d4af2-a068-46b0-a5f1-f6ce0f89f04d;49.333851;2018-05-31 02:15:02 +0200 CEST
7d347489-71d0-479d-8138-36155fbaebbc;71.982345;2018-05-31 04:40:37 +0200 CEST
77d37798-3dcd-4d0a-8af6-724240491960;42.264708;2018-05-31 04:59:04 +0200 CEST
1c2e71a3-1d40-47bc-8040-c1fd682bade9;81.955604;2018-05-31 18:01:55 +0200 CEST
53e330e8-1a01-4e46-b0b6-0cd6df42d8b6;61.545106;2018-05-31 02:24:53 +0200 CEST
f2089814-d397-45a9-8103-cb993d803c82;21.939003;2018-05-31 08:21:07 +0200 CEST
5ee03f67-0654-4ce9-8024-ef61b0255b2b;45.817021;2018-05-31 05:09:48 +0200 CEST
9f7a1e46-81d7-4e4f-90b6-c712512408d5;91.537656;2018-05-31 07:53:10 +0200 CEST
89c63052-24de-4588-8a93-4fcb1921fd8c;27.131418;2018-05-31 22:00:52 +0200 CEST
b69be931-7ba4-4fb5-9d93-d1933d6a3a7f;37.777919;2018-05-31 17:39:02 +0200 CEST
d5928cc3-32a0-4253-bf0e-fba59dff8603;65.616798;2018-05-31 13:34:52 +0200 CEST
8e6c9360-88f0-4c48-9900-4e393fd793f0;92.676311;2018-05-31 15:19:40 +0200 CEST
b50392ab-8eb7-4f2f-a97e-500501a54ddf;75.032263;2018-05-31 21:43:59 +0200 CEST
9e8073e2-4400-43a6-904d-e2dd74c878fb;8.352409;2018-05-31 10:25:37 +0200 CEST
322dc91b-6151-41df-bd83-5dabf1d15178;59.977448;2018-05-31 18:31:23 +0200 CEST
0e60e66b-ca6d-4a77-858b-fd6713a1d709;2.009708;2018-05-31 12:28:08 +0200 CEST
90baedf4-4050-41ce-a75e-148fa52c8ea6;50.326906;2018-05-31 05:30:31 +0200 CEST
a4ccd9cb-87dc-4308-b44d-1265c8b45078;43.261757;2018-05-31 03:12:59 +0200 CEST
70c495b9-a8ed-40a2-b240-600d0039cf8f;80.817018;2018-05-31 18:07:39 +0200 CEST
e7faa5c8-6f04-4184-b5e6-7b87f7404334;94.491041;2018-05-31 14:11:29 +0200 CEST
fd1870d3-42f1-494d-89b6-b171507c4389;83.145627;2018-05-31 05:05:03 +0200 CEST
f861f8b0-25d7-4663-8e54-fbd9d2be922d;7.241749;2018-05-31 12:38:15 +0200 CEST
75403f69-b16a-44c2-8efb-1e6b15927a05;62.063226;2018-05-31 12:14:41 +0200 CEST
256a1772-3a31-40fd-b4a8-733e0248153c;93.487769;2018-05-31 08:04:41 +0200 CEST
6e8bc07d-42b5-451e-a1ef-0ed67029493c;29.308304;2018-05-31 23:46:56 +0200 CEST
b373c715-314a-419c-aead-f923e59eb18a;91.259652;2018-05-31 03:12:17 +0200 CEST
43af8f09-e25e-4983-9a59-8daf0fac1b32;68.300067;2018-05-31 11:42:06 +0200 CEST
2839c6ef-88ef-418d-9828-476b22bde94e;70.274454;2018-05-31 16:28:24 +0200 CEST
2db99f6f-858f-4572-a420-4d390dfccdb8;93.028372;2018-05-31 12:19:45 +0200 CEST
4518f54d-6af0-46f4-8ff8-0d29fb6f7926;79.101450;2018-05-31 13:27:57 +0200 CEST
6021bfc3-1046-4a53-af94-2638ba9010fe;46.886808;2018-05-31 02:01:22 +0200 CEST
56b913d3-3e3d-4051-81bd-b5026e21b03d;86.928444;2018-05-31 09:06:55 +0200 CEST
3dad9f6a-de35-454d-9b77-dd9606405971;38.821321;2018-05-31 20:54:52 +0200 CEST
51f4a71d-e413-4abe-ab5b-7db3cc562f0b;72.474413;2018-05-31 02:04:57 +0200 CEST
f7a65b4a-0eb0-4bfb-9d9d-1e6c7a512f47;84.179253;2018-05-31 10:08:26 +0200 CEST
6fc91440-75b1-48ab-a4b3-00c30811799c;39.767937;2018-05-31 06:01:58 +0200 CEST
8256aa6d-092c-4d3e-864a-31436955bade;76.089825;2018-05-31 21:25:17 +0200 CEST
5ad15137-35c9-4687-bc60-383490d9bf7d;56.539279;2018-05-31 18:43:12 +0200 CEST
0774a6a9-f71a-42aa-97ba-303537aaff80;59.570177;2018-05-31 13:50:33 +0200 CEST
116040ad-30c2-4846-887f-41e631856659;82.347361;2018-05-31 11:48:33 +0200 CEST
1e5fbe6e-3e31-4b89-b09f-ca605a2f351a;21.902407;2018-05-31 15:19:49 +0200 CEST
71145d9c-4115-426f-9cdb-849f5a8bdce2;17.990661;2018-05-31 22:25:36 +0200 CEST
987f37c9-11f0-4e0c-81c0-52ead4d6fc19;77.380296;2018-05-31 18:57:22 +0200 CEST
aa4d0024-6a1a-47f1-9f9f-7b1639b20c71;74.937360;2018-05-31 15:18:34 +0200 CEST
bc527bed-93cf-4a57-b273-e89fe60ce1e0;15.671159;2018-05-31 22:06:30 +0200 CEST
fec62016-3ffa-48bb-88de-874e4bf06611;3.441293;2018-05-31 13:24:23 +0200 CEST
ff30ba85-b37a-4ee9-9301-f50f22176870;13.348721;2018-05-31 20:17:38 +0200 CEST
330f52f7-882a-4fcb-a469-0a3e051b0cc6;80.585358;2018-05-31 02:25:46 +0200 CEST
320301c2-bac7-45aa-836c-0bfa2cff7988;89.986279;2018-05-31 06:30:26 +0200 CEST
3f5e2395-c8c5-4f85-858d-24804b79463b;61.651576;2018-05-31 15:35:30 +0200 CEST
5f8e02a3-c4e0-4cad-a612-c4757573bf0d;10.081699;2018-05-31 08:07:52 +0200 CEST
c69db5d8-e958-44a7-adce-6737dad7df33;7.481385;2018-05-31 05:47:55 +0200 CEST
05177b18-658e-472b-964b-4907a20d5d6f;37.430116;2018-05-31 21:41:15 +0200 CEST
ca805d13-3509-4a0b-95e6-6369918b1448;71.922912;2018-05-31 11:02:01 +0200 CEST
82bd1aaf-06ae-4842-a113-27dd8d172317;95.013351;2018-05-31 08:12:39 +0200 CEST
2b8ca3b8-2dc1-4efe-82c1-c1ad80614574;13.373577;2018-05-31 22:26:33 +0200 CEST
d8eb01e2-bd44-46a5-83be-1025183ef3c2;98.171278;2018-05-31 14:16:46 +0200 CEST
28cd17d7-894f-40be-ab97-8ef33782bedd;73.842654;2018-05-31 16:44:31 +0200 CEST
248c30b4-4796-446e-90c0-0360fe3181c7;8.314143;2018-05-31 06:32:30 +0200 CEST
38729dd7-e325-4884-bee4-af63a722422b;9.908666;2018-05-31 09:41:05 +0200 CEST
4cfa6b1b-da7c-48a6-9946-f4c71ed9f457;95.052103;2018-05-31 05:33:30 +0200 CEST
ff64dce6-ffee-41dc-b532-dc11b164bb19;65.307186;2018-05-31 14:28:21 +0200 CEST
3073460b-dcf6-443d-8aa5-ee9f5d295f63;53.153885;2018-05-31 07:11:40 +0200 CEST
b1ef2173-3f67-4095-92a9-ef7b9663aaa0;85.740406;2018-05-31 15:51:53 +0200 CEST
116ff1a6-1c18-4a4b-9603-2a9e6a182ce1;85.225750;2018-05-31 06:01:21 +0200 CEST
1ee5a202-9d30-49ae-87d8-b567c4e45749;69.051332;2018-05-31 23:37:06 +0200 CEST
57c4c2df-5b37-48c5-bdc8-80061fcffa3b;69.310043;2018-05-31 21:18:05 +0200 CEST
1d1dea94-ef62-4cdb-b47b-9f2efad4b5ed;48.302792;2018-05-31 18:06:53 +0200 CEST
1b723372-8abb-47c4-8ae0-aa3190f74782;11.471068;2018-05-31 14:55:19 +0200 CEST
54f6fa3e-bfaf-4c28-83c9-b469bfe07ac9;54.581022;2018-05-31 05:50:17 +0200 CEST
cd54ece0-a86a-4e40-9b18-97c680c55e5e;86.210117;2018-05-31 15:04:17 +0200 CEST
a5d36db7-21b4-434b-8aa4-a0ae6560042f;55.469174;2018-05-31 11:40:10 +0200 CEST
9ea5aae0-0dfe-447e-93d5-b3f2a4bd92ac;50.246787;2018-05-31 10:54:39 +0200 CEST
e2357053-5e52-4662-91d3-c7030d7ce8c9;69.726765;2018-05-31 08:27:57 +0200 CEST
5d84240a-a8e7-4c73-b9a8-ab631d9a2837;20.913362;2018-05-31 15:05:13 +0200 CEST
0a966245-b997-4ca1-aa50-8a1d1efde70e;42.273571;2018-05-31 11:29:39 +0200 CEST
7788e59d-f582-4120-9bac-6220127795a6;56.460273;2018-05-31 06:35:50 +0200 CEST
c6e89438-319f-4c76-8b6c-ed0683bc6dd5;47.725235;2018-05-31 18:04:03 +0200 CEST
613745e9-ffe1-4a29-abb9-a5e504f827e0;62.028517;2018-05-31 05:33:23 +0200 CEST
32c04898-d35d-4c8c-8a39-21bc7f729118;92.983908;2018-05-31 04:55:06 +0200 CEST
b861de27-ad21-4ba2-897f-880b51e4ebef;32.658700;2018-05-31 02:28:30 +0200 CEST
54e18198-7855-4f64-a07a-9490f896766b;56.474425;2018-05-31 23:55:35 +0200 CEST
6d13a1dd-3a3b-4493-89e9-f58245d44943;78.944801;2018-05-31 20:25:35 +0200 CEST
d7443330-c998-4489-a08c-39603b53c0d1;63.985818;2018-05-31 08:00:06 +0200 CEST
794f8cbc-c63f-4bcb-8a18-cc7d45774c9b;73.980701;2018-05-31 02:03:11 +0200 CEST
079353f7-0964-4f5f-9ab8-3071941bf2c6;75.203106;2018-05-31 12:21:13 +0200 CEST
6886ae89-12c0-4fa5-8888-6a55d899de38;10.697604;2018-05-31 08:40:17 +0200 CEST
64668481-ab6d-46b1-b94b-939f0f07e920;96.093112;2018-05-31 08:54:12 +0200 CEST
51a2b6b0-5033-4305-ba0b-c73c692de9e7;47.463212;2018-05-31 10:44:38 +0200 CEST
7d8478c5-1a56-4d10-8823-eb01438c491d;25.720413;2018-05-31 11:07:32 +0200 CEST
a623fd8c-11d1-48da-b3b4-b93faf35ce05;5.334069;2018-05-31 18:07:11 +0200 CEST
a51792fe-e431-4cb0-b2ce-6c2c332ecf1d;73.741488;2018-05-31 20:46:00 +0200 CEST
57845889-b94a-4355-88ec-48ce7548c831;50.432268;2018-05-31 23:07:06 +0200 CEST
a0d73465-0019-4d86-8e5d-6a4eca9db2a3;5.209843;2018-05-31 11:42:40 +0200 CEST
3dc7bbf8-09fb-46a7-8f64-91a115aae6ef;92.592648;2018-05-31 22:51:14 +0200 CEST
e9f3cc59-d798-4e21-8c39-26fdb420e8cf;36.062157;2018-05-31 14:39:51 +0200 CEST
f849d44f-0467-4eb0-8e98-22afe4605373;93.263914;2018-05-31 18:24:19 +0200 CEST
6ee2f6ff-8cfc-4414-a9ef-ba267d896bfd;19.938781;2018-05-31 02:34:47 +0200 CEST
bf06706d-f771-4e08-b575-42cc9ac82bbf;39.141573;2018-05-31 06:14:06 +0200 CEST
337de74d-e4d5-427a-bdea-2205fb763b2a;76.780846;2018-05-31 20:41:11 +0200 CEST
fb4740e1-8264-4423-a582-2d9a1711907b;46.182586;2018-05-31 21:48:02 +0200 CEST
a2c567eb-d034-4938-a10d-28dd7de94cca;87.233727;2018-05-31 04:43:35 +0200 CEST
22335ca2-0e60-4966-af25-b69bc99ad81b;67.460858;2018-05-31 14:49:44 +0200 CEST
c4515abb-ccae-4c2b-b7e0-2ce5ed958ab1;44.466687;2018-05-31 08:51:22 +0200 CEST
c8713cc0-6973-442c-a088-67afb62d72f2;13.167593;2018-05-31 14:45:14 +0200 CEST
060fd142-a314-4281-ab3f-fd3a3af7089b;83.649450;2018-05-31 18:21:42 +0200 CEST
2d21e1ec-9211-4d22-9ad7-a58a6e9a280b;15.740091;2018-05-31 17:47:24 +0200 CEST
da62973b-182c-42c0-8a74-bdf58f2999eb;6.258995;2018-05-31 05:38:23 +0200 CEST
c8eb2d51-f27d-414e-8528-de6323083a2a;95.993611;2018-05-31 03:41:31 +0200 CEST
c75efa64-56ab-4987-9c25-261c80d50f9c;30.610965;2018-05-31 09:11:49 +0200 CEST
0d856c64-d677-4692-a44f-597d14d76c4a;42.004563;2018-05-31 05:25:50 +0200 CEST
1e9ddc75-eaf5-45b8-8a25-b888da8d0824;13.982869;2018-05-31 17:38:14 +0200 CEST
3f087b2e-da60-4aa1-a602-3fef813d0089;83.409817;2018-05-31 05:07:38 +0200 CEST
173855dd-4b45-4608-864a-7130e304fe04;21.823917;2018-05-31 14:47:47 +0200 CEST
a7be5e8f-29a6-4cf0-86d5-437444404b73;66.137299;2018-05-31 16:51:45 +0200 CEST
efa38c3e-7892-4545-b83c-5810d57c4832;64.359272;2018-05-31 15:34:06 +0200 CEST
f12b75bb-b06d-4581-a4a4-48c74751aca4;73.995248;2018-05-31 13:12:29 +0200 CEST
ab5ef04d-f521-476f-9e07-0992b540a906;80.133681;2018-05-31 15:39:34 +0200 CEST
0149e912-f51b-4e99-9c9f-b7d9f10b5143;30.653284;2018-05-31 21:59:06 +0200 CEST
6fbcbb32-bc95-4b5a-b3ff-7801f89ef547;98.428141;2018-05-31 07:42:19 +0200 CEST
df294b8a-0420-475f-bd53-3b9c71d1d95f;65.959828;2018-05-31 19:40:22 +0200 CEST
0725266b-bd99-49e8-b668-bc6fda3152e5;57.465548;2018-05-31 11:54:22 +0200 CEST
9f05326d-9442-4da6-8203-6ce41a745240;53.163419;2018-05-31 13:34:54 +0200 CEST
6fe51643-31a8-4a97-8692-ee20b849d6cd;40.712244;2018-05-31 23:59:36 +0200 CEST
bdf88f68-d2ed-4b36-87c6-c10dd1e53108;5.060225;2018-05-31 07:32:06 +0200 CEST
2230a1d2-d877-4fd6-8958-9ad39841cf75;26.920342;2018-05-31 08:27:37 +0200 CEST
ff52e62a-0fa4-46c8-b604-9e49f5db293f;27.084149;2018-05-31 10:25:41 +0200 CEST
220127de-98e7-4307-9f86-7640bef35904;52.687650;2018-05-31 06:12:49 +0200 CEST
555bb3e8-e780-4339-be83-cf561c375f1e;23.810667;2018-05-31 15:27:42 +0200 CEST
8d5f5f5b-67dd-4473-89e7-a33df53bdf77;61.933864;2018-05-31 16:37:46 +0200 CEST
30fc2905-b65b-4451-9e0c-da56e6e849a6;21.851851;2018-05-31 03:46:38 +0200 CEST
9f9554e2-2db0-4ee0-9395-a555d89466d1;4.270005;2018-05-31 15:29:39 +0200 CEST
133af8c9-07ef-4c6c-89ef-7443170f7373;30.911277;2018-05-31 09:57:32 +0200 CEST
2f3a3d39-0e4f-44d9-ba35-917670b54bfb;37.898267;2018-05-31 03:16:11 +0200 CEST
00b474b4-0228-46c7-be89-d750a53755f4;79.609200;2018-05-31 07:20:58 +0200 CEST
df0153ea-de84-447b-85c8-e88d7116b54c;52.902104;2018-05-31 09:18:38 +0200 CEST
18ace06b-d6ac-4b74-bbcd-eec17cb85114;96.241240;2018-05-31 20:29:29 +0200 CEST
6486c796-85fa-4af5-856c-85ec9e3a8c2f;63.543069;2018-05-31 13:39:22 +0200 CEST
190dd724-f3ed-43c4-937c-a5a9d50f0420;31.713859;2018-05-31 09:19:30 +0200 CEST
e564ccda-084a-4745-a1e2-801391663b09;88.086724;2018-05-31 12:23:46 +0200 CEST
51cd2b53-6307-4483-8b16-53270caf9a7d;91.323847;2018-05-31 16:18:42 +0200 CEST
6002afbc-9f68-4f47-8ce2-60582af7387d;90.856966;2018-05-31 04:42:30 +0200 CEST
eff4cc77-26e7-4267-bcce-ddac1f58e9d5;85.330216;2018-05-31 09:48:43 +0200 CEST
f357bae3-e4e7-4553-b214-8e9bc54b92cb;3.623497;2018-05-31 12:53:20 +0200 CEST
53bdb62f-984e-4962-a1c2-664422a127ad;62.554817;2018-05-31 10:40:59 +0200 CEST
b28648c0-878a-4386-bbe1-bc8f73cbfda3;41.544542;2018-05-31 17:16:51 +0200 CEST
2feb5629-fc72-40b9-9b97-a7e8b0f27c77;64.573994;2018-05-31 07:19:24 +0200 CEST
3a66bfb0-a5a3-401c-985a-9c61505c88d4;26.862814;2018-05-31 23:03:45 +0200 CEST
0c1a6773-2d14-46a0-b207-b6dc6a079b4e;58.788869;2018-05-31 10:28:52 +0200 CEST
6ff56557-479c-4128-8b68-a4826fbc14ee;37.167316;2018-05-31 14:40:39 +0200 CEST
45b00422-8fde-4b08-956d-9106437d3fdf;74.118213;2018-05-31 15:02:00 +0200 CEST
de1e2e73-077a-40ef-b38b-d3c42082394e;6.656532;2018-05-31 19:34:53 +0200 CEST
e913f59c-558a-4602-b17e-2bcff4b5627b;23.151216;2018-05-31 07:29:48 +0200 CEST
02c7caa2-f724-4a2c-9ad5-afb60cce5d6e;65.220982;2018-05-31 02:51:04 +0200 CEST
c1596091-b00d-44e2-bf25-d4a13db91294;39.916390;2018-05-31 04:45:22 +0200 CEST
d6b07979-e7ae-47da-8d84-c8b4afa3a394;13.900256;2018-05-31 10:53:26 +0200 CEST
86a663dd-2fd3-4749-86f3-925b1f60d12c;72.116098;2018-05-31 16:07:22 +0200 CEST
d1eb223c-9324-4757-869e-3606561d3bb8;52.051907;2018-05-31 22:09:35 +0200 CEST
a0147cc3-b57f-4536-a370-d9b2d1d654e0;84.163346;2018-05-31 05:01:11 +0200 CEST
5760e8aa-bc34-4b95-ab24-ced545e5eb46;10.556679;2018-05-31 15:24:58 +0200 CEST
22f28634-495b-4152-b3b4-8f59974872d6;53.544585;2018-05-31 22:49:05 +0200 CEST
298cb981-8585-4149-af7a-51441f68677a;88.610127;2018-05-31 12:25:37 +0200 CEST
ffa22e52-1fb7-47b3-a265-5c40fc283039;10.636292;2018-05-31 15:41:04 +0200 CEST
25a45a77-4ab4-497b-ada8-16cf1c51bba2;13.766916;2018-05-31 20:54:50 +0200 CEST
f458648b-66aa-47be-b902-4bb61b3c6261;68.683059;2018-05-31 18:03:07 +0200 CEST
73850b38-6475-4e9e-8f23-12bb2cff0d0a;18.389805;2018-05-31 20:48:03 +0200 CEST
91b61b08-d887-4cf0-9dc9-515ff83d2ae0;5.653775;2018-05-31 11:33:53 +0200 CEST
89a5e355-85dd-493b-8e2c-fed4a469f249;57.621617;2018-05-31 09:01:53 +0200 CEST
25404fa9-9ea4-43dd-a0cd-08f3fbfb5e3c;74.252375;2018-05-31 13:24:40 +0200 CEST
6104ab78-6df4-4d6c-850a-366d47e2be27;81.361033;2018-05-31 03:57:18 +0200 CEST
0fa8ce4b-b922-4099-a47e-87056ddcd792;13.086360;2018-05-31 15:52:38 +0200 CEST
b261ba08-e7a0-4732-8296-5b462f6adb45;64.575500;2018-05-31 03:05:40 +0200 CEST
964814c7-46e1-42c9-a5be-e451c4912625;9.370447;2018-05-31 11:58:32 +0200 CEST
3a4107cd-7985-4f16-bec2-7e6add114db0;59.788045;2018-05-31 21:47:48 +0200 CEST
f0180a73-e8d8-4de0-8130-ae633cb69447;29.213036;2018-05-31 03:12:09 +0200 CEST
ce559161-96b1-40ef-a103-7f72f4fc77b8;14.193709;2018-05-31 08:48:46 +0200 CEST
b5d7695d-6c32-4fc8-af0e-e0d2ac888a7e;59.599586;2018-05-31 11:01:37 +0200 CEST
6d020782-7d30-4e05-9faa-aeeee6169bc6;16.302129;2018-05-31 02:43:45 +0200 CEST
73dcca14-b72f-4084-8d9c-4f69874f9c98;64.308710;2018-05-31 11:30:49 +0200 CEST
20291d2b-7663-4f39-887c-1eb86b570732;57.520563;2018-05-31 17:56:51 +0200 CEST
be782f06-a26e-4421-a7a7-07c7fcaa9b08;5.972538;2018-05-31 16:30:40 +0200 CEST
e927cc46-43a8-4f01-beb0-6d47efb9289c;66.486998;2018-05-31 07:30:20 +0200 CEST
a4de20c2-3250-4307-9961-21ba5bbf2227;0.981511;2018-05-31 09:27:27 +0200 CEST
4d141ff2-084d-4969-86f8-8603e1c93711;26.459666;2018-05-31 04:50:03 +0200 CEST
c992dc68-65c6-46be-9b1e-f329e754b12e;86.717840;2018-05-31 20:54:17 +0200 CEST
a9b340ea-6e9b-4d43-b8ad-a0f4623f45b0;5.785545;2018-05-31 19:57:11 +0200 CEST
959db6ff-824e-4989-b955-d3ffb5126332;31.114115;2018-05-31 18:43:46 +0200 CEST
7dc90d32-f77b-4730-94f3-052e77f33708;84.814769;2018-05-31 23:15:13 +0200 CEST
67ac1d4a-2fc2-4566-a207-ebef75f5ea68;46.101430;2018-05-31 21:33:58 +0200 CEST
ab80d08f-204f-4022-80ff-baa9d3811bdd;3.207210;2018-05-31 07:46:49 +0200 CEST
4ba84e28-1a32-4602-b6a1-14ba13d39e46;60.663714;2018-05-31 14:02:25 +0200 CEST
831f5ffe-961e-443b-afbc-0a0a4091f2bc;44.077256;2018-05-31 14:55:25 +0200 CEST
b4bc4ad2-dc97-4d33-9f59-90950d606383;95.745711;2018-05-31 16:53:40 +0200 CEST
49dc8046-7ad6-4bf0-8afd-6c24ce13ac2d;65.402274;2018-05-31 12:55:52 +0200 CEST
40f5ec31-e37c-4a53-9e63-f87f79a8b8b5;70.365345;2018-05-31 15:51:36 +0200 CEST
282dbe0a-d50e-4527-9ac7-7b298c748bd0;31.219579;2018-05-31 07:05:45 +0200 CEST
cfcf0442-be6b-4d24-9f35-52f3284882c8;53.923785;2018-05-31 04:56:02 +0200 CEST
373fc9a0-245d-4e58-9a07-8216473b8130;56.535704;2018-05-31 02:58:12 +0200 CEST
e44b7eb9-a5e6-46f1-b37c-22b715284a0f;93.192498;2018-05-31 21:47:19 +0200 CEST
23d532e1-37c3-4ea9-be01-f43ac902465c;63.170322;2018-05-31 10:40:48 +0200 CEST
8c0af05a-8ce1-43a0-bf97-8f13a2c45012;98.267471;2018-05-31 23:57:24 +0200 CEST
b2821d3f-eaa3-4953-9c12-79e2307ec5f2;80.648092;2018-05-31 15:40:23 +0200 CEST
41c42757-59b3-448d-a9c7-266e1f0387d4;74.084416;2018-05-31 04:53:23 +0200 CEST
299758a9-7286-45b1-87b4-502f04d58d7b;18.726175;2018-05-31 03:41:27 +0200 CEST
7a112cb9-e422-42ef-9c1d-3c9edcbc3dc2;40.267007;2018-05-31 12:32:13 +0200 CEST
f3477c66-47f8-4199-9e82-68bb24e435a0;72.132937;2018-05-31 23:08:22 +0200 CEST
687d075f-c23e-4485-9f4e-fca7ecf4c53a;68.702802;2018-05-31 17:37:33 +0200 CEST
0f9f8683-6aa1-40a9-9fbe-ce89cf46508b;22.981105;2018-05-31 15:02:21 +0200 CEST
ce939113-a3d0-4b31-8445-762441bdd6a8;65.686692;2018-05-31 03:54:22 +0200 CEST
b19a6aa9-413c-4ab8-8ce8-1d6169134ad2;96.493253;2018-05-31 18:31:19 +0200 CEST
1b0a7c04-7f58-4139-a202-0cd4d11f2660;98.729396;2018-05-31 07:09:55 +0200 CEST
0c42e1fc-4456-41ef-a7ca-fb5105d3e259;46.265089;2018-05-31 03:54:15 +0200 CEST
7ce13110-7365-4e80-98ca-533f0dc4b673;61.019767;2018-05-31 18:32:59 +0200 CEST
c9325a63-3529-4417-b054-98dbfdbf252a;43.960935;2018-05-31 13:11:51 +0200 CEST
11979b45-c30c-43ae-a685-59c1d8948017;66.153308;2018-05-31 12:52:48 +0200 CEST
7197ae7a-89e4-4e86-a540-dcbc726bbde1;55.602211;2018-05-31 03:59:19 +0200 CEST
84289b36-8fb5-4798-a58e-0c4f81e40e9c;63.778446;2018-05-31 07:32:18 +0200 CEST
3ffcd243-c91a-444e-bc30-15d5a57b6b9e;91.026757;2018-05-31 05:37:47 +0200 CEST
cf33fa99-14cb-415f-b74e-7cd55aca1763;49.972516;2018-05-31 20:26:16 +0200 CEST
4aea60a1-211e-431d-bba4-7bb74135884e;72.399355;2018-05-31 20:54:04 +0200 CEST
2846ca48-c751-4382-9adb-c3f6793b7e6b;85.209590;2018-05-31 23:35:33 +0200 CEST
b33f2753-b99c-4af1-9959-06ae3c6b003a;5.078704;2018-05-31 17:40:50 +0200 CEST
f2fba7bb-150e-4f28-90e0-361a1d9c8546;96.548986;2018-05-31 07:55:04 +0200 CEST
a4b8836c-ddfa-424f-af34-8be7275b8aed;13.877652;2018-05-31 16:48:31 +0200 CEST
06c9175b-b92a-4b93-a9af-f8e82472dbd8;47.310142;2018-05-31 08:36:25 +0200 CEST
1fdc4fcb-669d-4f5c-aa27-227a157c4a55;75.835976;2018-05-31 14:04:32 +0200 CEST
bb347805-e8a6-4e71-a8f8-859abf9035a7;21.957382;2018-05-31 15:09:31 +0200 CEST
561d1722-a193-4014-8998-20bf1693a907;41.877245;2018-05-31 05:33:24 +0200 CEST
674c9fc2-b9ae-467f-a94b-0af3245ec3f7;60.934863;2018-05-31 09:12:55 +0200 CEST
879f1683-5f97-43cb-83eb-48397b38e5dc;95.407141;2018-05-31 03:02:26 +0200 CEST
b0488ddd-b936-4105-a998-8405215e43b8;85.438634;2018-05-31 05:47:47 +0200 CEST
e80c5964-ce4c-44e7-8957-56ec9b787f5a;91.684197;2018-05-31 04:06:07 +0200 CEST
57236f51-7a56-4f7e-baee-b2677f60cf62;6.614771;2018-05-31 22:24:08 +0200 CEST
e5a1efd1-a013-4969-a163-e570b68f88f5;60.696917;2018-05-31 03:45:26 +0200 CEST
29bf6883-1e68-477c-884d-8f27fdd0ea22;59.009835;2018-05-31 22:37:11 +0200 CEST
0165b691-3990-42a2-ac63-84a261ad2128;3.367932;2018-05-31 12:00:27 +0200 CEST
eb249525-b027-42a2-89ad-ced7945a8818;71.453840;2018-05-31 03:08:17 +0200 CEST
43dea046-7a3c-4ec9-8514-37fa0e1d7b3f;11.816963;2018-05-31 16:05:53 +0200 CEST
818efd26-5684-4321-af4c-7a87055b2217;80.183184;2018-05-31 16:17:12 +0200 CEST
9266d6d2-15a8-4402-91e7-7bbeb2935841;44.362677;2018-05-31 05:35:37 +0200 CEST
a0f90d17-0139-4449-b2b3-5d27fb5af02d;23.336837;2018-05-31 15:04:27 +0200 CEST
ae938ccf-6214-474e-b500-f66c12d0bd0a;6.894740;2018-05-31 23:21:23 +0200 CEST
179b7c90-04f1-457e-afce-dd2ea8368cef;65.571848;2018-05-31 05:55:52 +0200 CEST
d0212bfd-b6fa-4515-a69b-c829288c8b02;60.986896;2018-05-31 05:27:10 +0200 CEST
aa3d0eb0-bfc7-4444-abed-6760dbcd32d6;7.558702;2018-05-31 04:48:37 +0200 CEST
14a0a7e5-7032-4e04-b54e-9f5d217568b8;32.463323;2018-05-31 21:13:18 +0200 CEST
24224bc7-04bd-4aac-85d2-b11aba5da786;31.426081;2018-05-31 05:49:32 +0200 CEST
35a61a9c-b263-4270-916b-1c691a41d9a5;57.847159;2018-05-31 07:03:47 +0200 CEST
bc1a37c9-9639-4e69-9229-30ef289b4552;2.439314;2018-05-31 20:09:55 +0200 CEST
5e949644-1f7e-48a0-b90a-fcb4e82bb1dc;61.592002;2018-05-31 09:16:22 +0200 CEST
de15f32e-a9c0-4a8c-b361-2d708d3a7815;77.650207;2018-05-31 22:11:14 +0200 CEST
bb57b8c3-23cc-4d8e-a2db-5a83414272b8;80.713427;2018-05-31 14:13:36 +0200 CEST
b4642e2d-0d8c-4f32-8609-c4d27af72ec6;42.763306;2018-05-31 07:35:55 +0200 CEST
df56ac22-01d7-478a-8472-533206df2dcb;91.385457;2018-05-31 17:03:27 +0200 CEST
2766b922-111a-4c1f-8bfd-c04aabf6773c;28.313305;2018-05-31 14:57:21 +0200 CEST
6f1c136b-f617-4f2c-9953-a4e9f6cdef82;99.597452;2018-05-31 15:45:43 +0200 CEST
f914fc93-746a-45ce-92c8-c5af0f517f42;49.209716;2018-05-31 08:22:24 +0200 CEST
ef947e37-5f59-4efb-8577-99330770cc12;71.194381;2018-05-31 06:41:52 +0200 CEST
9c362fc8-7c2e-42dd-bcf3-a141cbee9b71;85.025439;2018-05-31 19:13:20 +0200 CEST
bd55286e-504e-4b4e-b44b-f12e220b91b7;85.974630;2018-05-31 23:16:21 +0200 CEST
66cdf37b-660b-4b3d-bcee-bcff8e73f8d1;60.975346;2018-05-31 11:03:14 +0200 CEST
e973449a-51be-4a75-97d3-c5c0286f5ce4;80.636630;2018-05-31 07:57:00 +0200 CEST
c2046444-97fd-4ef1-a20b-afae340a6320;46.668363;2018-05-31 19:48:20 +0200 CEST
daa9efcf-6afa-4508-a92e-82e8016ab2cf;84.058011;2018-05-31 05:55:57 +0200 CEST
c8d41470-af54-4ca1-9993-906ce55fe740;96.693258;2018-05-31 14:16:26 +0200 CEST
1104606d-56a8-43dd-ba16-5e13dd46ea3f;65.370063;2018-05-31 14:51:37 +0200 CEST
69d0bf01-8cfa-4c51-8111-a7cd3831a3e8;34.978105;2018-05-31 12:05:15 +0200 CEST
1ce3d42a-c5cb-4027-95ec-508083647671;9.689306;2018-05-31 11:02:48 +0200 CEST
4d9da9b6-f50a-4bd0-97e8-6a4f8b6dc283;36.409243;2018-05-31 19:23:33 +0200 CEST
09a00ea6-1835-474d-944b-0318a2909921;6.463192;2018-05-31 04:52:10 +0200 CEST
0f87caf4-b4df-4a86-877a-1187dfa936ac;25.491773;2018-05-31 16:49:50 +0200 CEST
858a307b-6a03-4de6-8d1a-f199616d135e;10.030905;2018-05-31 08:54:06 +0200 CEST
f833454f-a84c-4d7e-8e5d-55d15b64d02e;55.258944;2018-05-31 12:33:09 +0200 CEST
6e02c154-72e1-4958-89ad-b58afbfd4877;15.862046;2018-05-31 06:10:10 +0200 CEST
dc8efad5-49f5-4d3b-8f39-279110b41f5d;31.130943;2018-05-31 17:16:33 +0200 CEST
26a1c91f-a619-4641-895e-9ee832b87b94;85.565874;2018-05-31 05:40:47 +0200 CEST
3a1a97ae-32ca-47ed-b3f5-d31f9d5852bf;55.238885;2018-05-31 10:50:00 +0200 CEST
ba4aa415-6685-4c23-9760-c2582daa1fc5;3.941236;2018-05-31 17:32:29 +0200 CEST
3598c7fd-c974-439b-808d-87d15ffce3b0;81.736536;2018-05-31 23:12:26 +0200 CEST
40ccc3ec-4f4f-48b2-9223-0371746a2e69;48.756077;2018-05-31 22:24:38 +0200 CEST
3d21098c-9372-41b8-9ef0-1dbceac600c1;28.021148;2018-05-31 07:48:48 +0200 CEST
b9f05048-dc91-4ef4-9873-84975e745505;9.659261;2018-05-31 11:45:20 +0200 CEST
eb6bb65b-80ab-405d-ad8a-6825bb54fa89;21.094839;2018-05-31 11:11:22 +0200 CEST
73c4b2d3-8dda-4155-85c1-1d39c0cef8d7;94.809217;2018-05-31 05:46:53 +0200 CEST
d4244555-62e7-448e-9f52-b63a6d8f5aca;6.685653;2018-05-31 23:16:14 +0200 CEST
cebde5f0-8891-4268-a555-6ed8435a18b7;58.524847;2018-05-31 19:34:48 +0200 CEST
1413709e-8d03-4708-904d-29b1d80d86aa;20.556457;2018-05-31 14:56:13 +0200 CEST
41519dfe-e914-4810-8675-1112b5df4dad;57.941908;2018-05-31 08:06:24 +0200 CEST
9fc030b3-0961-469a-8aa5-81dafbddbf30;98.638618;2018-05-31 10:03:00 +0200 CEST
0d47c16d-ad86-4bcc-b2f8-0d0b101c54f7;36.583491;2018-05-31 11:03:57 +0200 CEST
b3087356-b6f4-493f-8bab-f9637cb58834;47.381157;2018-05-31 02:10:48 +0200 CEST
5786d991-4298-47f9-a850-cd24a4c4e81c;23.959623;2018-05-31 18:26:50 +0200 CEST
0024748e-f5d1-4381-b953-8a991d852235;21.703014;2018-05-31 17:08:04 +0200 CEST
17b19ed3-f284-4420-8299-9db6097f48ee;71.884625;2018-05-31 14:07:42 +0200 CEST
c9421f06-e5b4-4144-a666-f758fa405173;23.178302;2018-05-31 02:04:18 +0200 CEST
c33d93c1-2ab2-41fd-91d3-281b0b2f4128;90.067536;2018-05-31 09:35:22 +0200 CEST
ea87bf14-dd43-4a82-8dea-90ef5c37a5cb;82.177204;2018-05-31 17:29:49 +0200 CEST
aac0fbde-6ade-40fe-a178-310a55b1d336;23.658521;2018-05-31 16:03:41 +0200 CEST
273cd0fa-04f9-464a-8580-d7c55349a9bf;90.984978;2018-05-31 03:17:19 +0200 CEST
d0f2de0a-52a3-4394-a7ab-dba6d513ac0a;54.091677;2018-05-31 04:49:53 +0200 CEST
615c68b8-278f-47e4-ae8d-132c463af153;55.253245;2018-05-31 19:23:43 +0200 CEST
81e049ac-24e7-4b5d-95f6-9423499ec76c;91.640318;2018-05-31 02:50:47 +0200 CEST
3584e7fc-63a7-4f3d-aabe-629b001d1ca6;51.939099;2018-05-31 11:42:47 +0200 CEST
0b3147d4-af9f-419a-8c5a-d5e18e63b01e;83.744787;2018-05-31 07:00:42 +0200 CEST
77e05179-4446-42bd-b341-353b44e08c98;67.963101;2018-05-31 20:30:07 +0200 CEST
1746f389-deb0-4598-afce-1af2de9ce21f;83.365000;2018-05-31 17:15:55 +0200 CEST
b5e9a738-f73f-4440-8d95-c2395b47f96c;85.215304;2018-05-31 10:39:22 +0200 CEST
06d78851-a505-4fd9-b144-57a5107485cd;44.826448;2018-05-31 15:46:00 +0200 CEST
837fc15b-1eba-4deb-a74f-05a21a5edc32;21.522099;2018-05-31 11:04:11 +0200 CEST
b38725eb-95bc-4bcc-bb5a-dd6c28e0ce93;31.116226;2018-05-31 13:30:21 +0200 CEST
959796f5-4ff2-4961-a1c4-5f5b4945a913;82.362007;2018-05-31 02:33:24 +0200 CEST
4f451893-705a-407a-ad8a-14fd9a4d8be8;19.681267;2018-05-31 11:32:09 +0200 CEST
b6ad9627-9ddd-43eb-b6c6-3bb88f409d2c;73.098381;2018-05-31 21:30:36 +0200 CEST
117d4a68-58d2-4864-b9f2-f71a0b37fa68;43.022513;2018-05-31 18:07:40 +0200 CEST
0b2eac8b-5053-4982-9025-54612f1d3ff3;64.905311;2018-05-31 04:19:27 +0200 CEST
95086cae-47df-48ca-b02c-963d1a96a22c;63.494623;2018-05-31 19:37:22 +0200 CEST
ff3dbe47-1a99-404b-84eb-d8c113e4ff60;75.855319;2018-05-31 19:48:59 +0200 CEST
321f437d-3d4c-423e-b3a4-eabacff27377;5.978662;2018-05-31 05:02:17 +0200 CEST
9b2c9017-9551-409b-8453-5714b3ee354a;80.757226;2018-05-31 14:15:41 +0200 CEST
d8ef9a3a-8851-4111-8c33-627955259987;38.236997;2018-05-31 03:54:03 +0200 CEST
cd98170f-f165-4288-9fba-7e2e9caef970;95.399239;2018-05-31 20:20:30 +0200 CEST
f0ff960f-7bd5-4b20-b645-6081bf8d48f5;12.359846;2018-05-31 22:02:07 +0200 CEST
288cd900-b0eb-4c8f-8feb-f340749f1fe1;87.125036;2018-05-31 07:38:04 +0200 CEST
946f6b9d-8597-4d4d-90f1-13b5db2414f7;43.599485;2018-05-31 19:33:09 +0200 CEST
aed31e82-c4a5-4eb1-a4da-9b0025a2ae8b;77.685000;2018-05-31 06:51:52 +0200 CEST
96a04452-6ce9-44fb-9f75-f96a16fa998c;38.756660;2018-05-31 09:40:09 +0200 CEST
2a1114a5-a328-4b09-8f54-b13e5b893c63;29.998849;2018-05-31 07:45:41 +0200 CEST
ab2affab-46ff-4c95-9313-5e77cb0ab0dc;64.332147;2018-05-31 11:41:25 +0200 CEST
2ee931d0-159c-4982-b23f-e42691935599;70.027848;2018-05-31 19:35:36 +0200 CEST
f6f5f713-ddf1-441b-a5d8-75dface25990;80.532361;2018-05-31 14:06:56 +0200 CEST
e4dbb0bd-8ad2-4491-83a8-c4b33b99bfcf;81.870984;2018-05-31 06:10:44 +0200 CEST
e6a3059a-2782-4ef8-bf9f-80ba19cfcfcf;50.508962;2018-05-31 20:35:43 +0200 CEST
a1ed2aa1-23c3-4218-b448-e6e126e9e888;33.277700;2018-05-31 16:55:40 +0200 CEST
9433ae0c-fc60-4b77-af8e-b8f1fee673e4;78.248814;2018-05-31 06:29:11 +0200 CEST
00a04cb5-a109-4f32-b4b7-5f569322fd23;0.619443;2018-05-31 12:40:07 +0200 CEST
a9764dbc-2041-4cf0-b659-c4224f00643a;84.687312;2018-05-31 06:18:56 +0200 CEST
0d65a21a-1ef4-469e-8645-cfed284d9255;22.653070;2018-05-31 03:59:10 +0200 CEST
19b607bd-d3b8-4568-aa4c-23f636e23cab;16.495747;2018-05-31 05:47:07 +0200 CEST
56673e68-41fe-4e8a-9500-6e53459e4ee1;23.865434;2018-05-31 15:55:38 +0200 CEST
a6ed3124-234d-43f7-9026-36db69cec259;91.951167;2018-05-31 09:19:24 +0200 CEST
eaac5178-2d07-4527-ba1a-97f4804ae2f4;97.499341;2018-05-31 02:53:19 +0200 CEST
66808004-59d4-45d6-a9a7-f36eb11e8179;37.393133;2018-05-31 17:10:59 +0200 CEST
5ffca5da-728a-48e3-ae56-600986ba68cd;58.534308;2018-05-31 13:32:29 +0200 CEST
ee9deaea-cb1e-4fd8-aa87-2a912ecb3b2d;12.522468;2018-05-31 05:36:29 +0200 CEST
7ba24bcb-9c06-4be8-b4f9-31c3b49e1687;26.634824;2018-05-31 21:35:23 +0200 CEST
c7e97b55-2e61-45a0-b384-dcce80d52be9;59.413082;2018-05-31 04:20:08 +0200 CEST
da652bf2-5a08-4b7b-bdbf-f11525a7fcf1;50.139371;2018-05-31 16:04:18 +0200 CEST
644cdf75-2048-4867-bc4c-0bb6b0410ce0;65.323621;2018-05-31 22:26:08 +0200 CEST
07f272d9-26f5-497f-8b7c-396378b6c10c;53.838754;2018-05-31 20:19:33 +0200 CEST
18c68c05-b538-43e5-812d-8a00e7613a01;22.712192;2018-05-31 13:35:37 +0200 CEST
b89fb306-8395-49c0-b0ec-044443e3f26e;97.544680;2018-05-31 18:26:19 +0200 CEST
7223b3d9-1a23-4f8e-8aac-2f0c456ccf41;69.047027;2018-05-31 21:35:39 +0200 CEST
e273c28a-1bbc-439e-ae5c-28bad3413646;75.625338;2018-05-31 14:27:44 +0200 CEST
c621e026-0b1b-412e-9846-9c0787e7cbfa;99.305731;2018-05-31 19:46:22 +0200 CEST
721c5296-27e8-4dec-b222-cc1cb6989876;76.489101;2018-05-31 06:35:27 +0200 CEST
10a62ed4-549c-467b-80a1-192563da1244;15.788027;2018-05-31 04:14:19 +0200 CEST
56f1453d-2d85-41d2-871b-52354639e6c2;75.269455;2018-05-31 08:41:56 +0200 CEST
7e9b05e5-09e2-4e97-a9d2-faad7c9e7176;29.750838;2018-05-31 22:46:30 +0200 CEST
a704ef03-0935-4704-8776-f25ff9f4841c;33.946502;2018-05-31 12:34:53 +0200 CEST
4bbd0e7d-5711-4f28-9ff7-0752c4d502d2;69.189240;2018-05-31 23:33:11 +0200 CEST
fa6b5082-f7e2-4843-a425-929db75e451a;58.707910;2018-05-31 15:47:31 +0200 CEST
c2931562-7657-4a4e-b559-728c77b58d39;10.407454;2018-05-31 09:18:25 +0200 CEST
91373a5e-d3b0-4d0c-a986-2a2792666f02;98.770697;2018-05-31 08:56:45 +0200 CEST
6c88bb0f-211b-413e-ad75-ea939ff0468e;42.370946;2018-05-31 14:46:01 +0200 CEST
42a1c008-717e-4eac-b9e2-fcff5a784c33;83.111630;2018-05-31 18:16:24 +0200 CEST
c7e01849-de52-441f-b006-6e522a31f699;83.390856;2018-05-31 04:30:14 +0200 CEST
0e779c90-3849-49c0-891c-e1ae32b03b36;54.989707;2018-05-31 16:36:47 +0200 CEST
bccb8cf5-d413-4f08-a750-bcfbabd42385;78.638359;2018-05-31 20:51:14 +0200 CEST
2e640c83-deb7-4227-8cfa-f424ad7fd6fd;49.631907;2018-05-31 04:08:24 +0200 CEST
a1a31680-d067-44ff-ad2d-944042f09687;44.012915;2018-05-31 10:27:11 +0200 CEST
ea538b10-5b81-4ee8-a4bb-803295efa918;97.288351;2018-05-31 23:19:32 +0200 CEST
bf939636-1c7c-4071-9376-6b1828e65779;32.874146;2018-05-31 19:57:26 +0200 CEST
793c1406-db72-40e3-a364-6bd9273d4b73;79.530177;2018-05-31 05:09:50 +0200 CEST
e884c5e3-e87c-4f69-bf38-026ef95a3a90;50.082496;2018-05-31 13:07:15 +0200 CEST
31a8f590-0cb7-47c7-a435-996831f60d05;26.282458;2018-05-31 06:10:20 +0200 CEST
3aa71531-919e-4e57-bf21-54a34aed6fee;12.218789;2018-05-31 12:54:03 +0200 CEST
fa47c161-73be-4a94-834d-04c29784ab66;36.944233;2018-05-31 23:35:03 +0200 CEST
30b708b9-6008-4ff1-ab36-bd848776e3c9;16.202985;2018-05-31 12:44:53 +0200 CEST
0aab558a-8b44-4a34-b74a-02cd67f6c621;79.427082;2018-05-31 05:49:55 +0200 CEST
b52eeeea-9f2a-4475-90f3-dc583b974fa9;23.386957;2018-05-31 23:01:46 +0200 CEST
cee2f394-d2f1-42a7-aac9-87b5be32ba13;32.372566;2018-05-31 20:44:15 +0200 CEST
5dd07ee3-d756-4ae2-b2e0-c69812f95032;78.368307;2018-05-31 14:46:56 +0200 CEST
39fe27f3-fe92-4114-9eed-05cd9ecb922c;87.084077;2018-05-31 18:45:02 +0200 CEST
7a436517-25e3-4798-a7d5-498825c2fb0a;63.455375;2018-05-31 02:10:33 +0200 CEST
239e4d26-8dc6-4d01-b1fc-13ff87b74f29;19.651301;2018-05-31 16:57:20 +0200 CEST
206be8b2-e36a-4671-be18-83a5095c65bf;5.011427;2018-05-31 22:09:52 +0200 CEST
18f69c75-205d-407a-a090-3cade582b57f;45.679540;2018-05-31 18:24:40 +0200 CEST
623e89c9-04a3-4932-a934-e7f46a0a7074;55.514511;2018-05-31 13:01:06 +0200 CEST
841b89b1-5c5f-4d8a-ad1b-758d040708a1;64.882467;2018-05-31 21:32:10 +0200 CEST
3fd02f04-4018-4ae6-b192-d3943decbc9c;7.457528;2018-05-31 20:28:34 +0200 CEST
ace18de2-a734-4187-b857-eeab408d649c;7.022378;2018-05-31 18:13:20 +0200 CEST
d72e489c-491b-4948-a0a6-3a9bee964c18;23.085951;2018-05-31 14:42:57 +0200 CEST
ce0c6579-7058-4c04-bc3d-d71f2bde8f9a;49.319953;2018-05-31 02:05:01 +0200 CEST
97ade851-6cbf-4567-ac36-13acdcf67b1f;58.084071;2018-05-31 02:47:31 +0200 CEST
639ab5c7-5b14-45b9-8235-77def6eddc45;82.394765;2018-05-31 02:52:49 +0200 CEST
141b5691-386f-44d8-9f10-6239d0cad6b6;94.737266;2018-05-31 14:55:36 +0200 CEST
0163db5b-6e9c-42e2-ba23-ae419386a864;78.462118;2018-05-31 14:16:02 +0200 CEST
858f72f8-efa9-4311-865c-994540ee7999;37.024334;2018-05-31 09:16:19 +0200 CEST
6a35bafe-061d-43b2-af4f-379c18007504;74.409955;2018-05-31 11:05:57 +0200 CEST
96905546-1c70-424a-961d-d4f69bb3f796;61.752540;2018-05-31 16:45:21 +0200 CEST
37f2c05b-0a46-4a8c-950f-40cb2fe8f2e0;41.263826;2018-05-31 14:05:10 +0200 CEST
b1f01b06-6ddb-44ec-85c6-f00d541b25e2;55.881468;2018-05-31 12:47:55 +0200 CEST
b8f6eeb0-14d3-403a-bae0-92665aa4394f;64.913393;2018-05-31 04:12:44 +0200 CEST
b635801e-746d-48b6-9b4a-eaa90a4a5523;57.578291;2018-05-31 11:07:37 +0200 CEST
85c2c7a7-8340-4cd2-bb99-206d54d2d2b2;51.610401;2018-05-31 20:38:43 +0200 CEST
92981114-36cb-47dc-9a92-e65490ffeb09;21.060099;2018-05-31 15:41:26 +0200 CEST
9f422ec6-8bb3-4fb1-83f7-75f0f7071787;45.191299;2018-05-31 02:12:48 +0200 CEST
06cc551b-1409-4464-9d3f-6542ec026409;93.415058;2018-05-31 11:28:45 +0200 CEST
f2174ea0-a756-4262-ac38-ce0a2a523fd5;62.754940;2018-05-31 05:12:03 +0200 CEST
bae5e121-930c-4d52-8f7c-532f056d16fa;47.927990;2018-05-31 14:49:55 +0200 CEST
8a2d0482-1339-4514-8540-932d7d0bc97b;16.651627;2018-05-31 02:31:17 +0200 CEST
0ee85e3d-0d28-4b6f-940c-6743cf996ef8;3.258236;2018-05-31 12:43:21 +0200 CEST
61acb754-f543-4c5a-a248-9c328798475e;10.645943;2018-05-31 06:17:27 +0200 CEST
79a72dcf-cbf4-4c43-8fb5-37be1c21f83c;94.381720;2018-05-31 22:50:37 +0200 CEST
b1a56ae2-08cd-4b73-99c7-7928b56945ba;40.755514;2018-05-31 23:09:47 +0200 CEST
c4804ec5-dcac-4fc4-a7c3-878b30943ffb;11.170857;2018-05-31 22:15:41 +0200 CEST
66703534-5d96-4fa9-8210-ebb203f08735;92.405773;2018-05-31 06:55:02 +0200 CEST
d8baa20b-0878-49cf-9b95-35d649e390e4;69.441358;2018-05-31 18:45:41 +0200 CEST
2fbd1cba-83e9-4506-9ab8-0f0836e549d2;50.186373;2018-05-31 06:07:51 +0200 CEST
65046cca-178e-45be-9e0e-eef02aab7d89;51.803009;2018-05-31 19:41:38 +0200 CEST
b03b7968-8016-47e2-bceb-cfe04a183464;38.490494;2018-05-31 05:52:30 +0200 CEST
1f71ec20-d468-4872-8b8b-fb5442568a8c;79.938473;2018-05-31 09:19:54 +0200 CEST
02b062ec-c4cf-4e6e-b9c2-5b4c54a3143c;78.135058;2018-05-31 17:09:43 +0200 CEST
f6caf290-c059-4122-b537-20909416646c;72.345518;2018-05-31 17:20:42 +0200 CEST
a4c75622-31cf-475c-94a5-68316332e48d;22.687341;2018-05-31 03:07:34 +0200 CEST
e7ef7848-b0ac-46e8-9eba-b655b3200817;43.017054;2018-05-31 11:45:53 +0200 CEST
83b4fbe4-dcc7-4552-b38a-043303384b8f;57.478007;2018-05-31 18:20:23 +0200 CEST
ef990506-4d9b-45b9-ba06-7088718fb0a7;61.123480;2018-05-31 21:06:31 +0200 CEST
a181781d-2c3f-4b04-af73-ed36ce362c1f;40.348840;2018-05-31 07:07:07 +0200 CEST
b29f8d5a-fd23-4f0a-b1ed-7baabdd0e0c8;12.281909;2018-05-31 20:17:49 +0200 CEST
9566446e-d542-4132-a1c6-a48359658348;61.958507;2018-05-31 09:50:52 +0200 CEST
88f73451-cd5b-49ce-bff6-cbef34ddef5f;73.197703;2018-05-31 10:08:44 +0200 CEST
4bbcc37e-74cd-43cf-be51-205b0e091128;36.585536;2018-05-31 10:56:06 +0200 CEST
03ea0b23-f6e0-4137-87e5-79a84e81fa18;54.559408;2018-05-31 14:19:51 +0200 CEST
65a17e86-1d5b-4711-9753-a1040b85ca30;33.990048;2018-05-31 20:26:11 +0200 CEST
9e1d5047-c364-4b36-9068-c056c94c3563;54.752460;2018-05-31 09:15:26 +0200 CEST
eb597eb1-ff20-4d8c-b47b-0d39dc757412;13.069101;2018-05-31 21:54:29 +0200 CEST
38f2d113-47ff-4ba2-aead-a7fd6cc18c3a;56.479958;2018-05-31 04:37:43 +0200 CEST
5d4f952e-7e6c-485f-9c0d-b70d4f28b8dd;61.915752;2018-05-31 17:19:13 +0200 CEST
0ff87ad0-5fab-4f3a-ae10-146905624aeb;11.165230;2018-05-31 08:14:38 +0200 CEST
21ba1f1b-966b-429b-8e44-aa32eef22c85;90.539130;2018-05-31 05:36:16 +0200 CEST
22868b6f-ee42-4455-8af3-d15a6cfaf73e;97.838596;2018-05-31 02:23:30 +0200 CEST
c1481650-62be-4f5f-95c8-ca82af085f08;65.467284;2018-05-31 18:21:40 +0200 CEST
d85a51eb-4ea3-4339-87a4-4d917579146a;13.526645;2018-05-31 06:55:19 +0200 CEST
ef97a191-cb13-43df-8243-f8659c0fae41;73.396486;2018-05-31 09:39:08 +0200 CEST
f9706665-4191-44c5-b362-053173ab628d;15.973170;2018-05-31 05:46:29 +0200 CEST
207a5463-db7a-420a-9ebf-199b4ce3151e;29.724730;2018-05-31 18:20:33 +0200 CEST
d2de9110-d5f6-4390-8123-a60526fde2a5;12.767782;2018-05-31 13:03:59 +0200 CEST
729ee007-537d-4a6d-a18a-8fba2017f95e;68.736774;2018-05-31 09:04:55 +0200 CEST
eb897c6b-53f5-4434-b6f5-d0add6e06946;30.908622;2018-05-31 08:43:05 +0200 CEST
c495ab7f-75e0-4f52-a264-c557a8033f67;98.899171;2018-05-31 16:26:47 +0200 CEST
daf11884-f0b3-4ea8-90ee-ef07ad3b3ea7;97.366512;2018-05-31 22:47:13 +0200 CEST
6dad00cc-7c0c-4153-9bb0-a64b1ee90b6d;68.082413;2018-05-31 11:55:07 +0200 CEST
0ee08a3a-d530-434a-a9eb-51a901254dc4;47.723639;2018-05-31 08:19:16 +0200 CEST
763425ae-4c33-4d53-aa94-4052de5c1323;40.688633;2018-05-31 20:17:16 +0200 CEST
adc8ca1a-888a-43f1-9af2-90ba41482bcd;94.766632;2018-05-31 17:58:35 +0200 CEST
4c702d1b-f08c-4734-b1ea-35abf56ab351;22.018725;2018-05-31 23:09:24 +0200 CEST
7140d071-5e7d-45a0-929d-5d2227f81633;34.601248;2018-05-31 16:11:59 +0200 CEST
29718fab-fe9a-472d-9f83-2824d7a070df;30.713177;2018-05-31 09:21:53 +0200 CEST
a59bb90d-9d81-47ca-9563-9755f0937bc6;28.345503;2018-05-31 02:27:06 +0200 CEST
abd5db48-f88e-4bda-992a-e1bd9476c2dd;1.976954;2018-05-31 13:36:41 +0200 CEST
ddf5b77c-e315-4d68-8db0-609ded9d334b;3.079746;2018-05-31 04:58:28 +0200 CEST
9902dc1e-3316-41bf-9219-733d6197463f;36.370990;2018-05-31 03:31:01 +0200 CEST
76ff1edd-427d-45f5-8a99-bf9fcc39b754;6.763015;2018-05-31 22:10:31 +0200 CEST
43f6d645-ac82-4a23-b81b-8974d8b6d07c;28.486074;2018-05-31 16:28:46 +0200 CEST
1d6c599d-aff7-42fb-8609-3eb15375686e;62.771306;2018-05-31 16:32:19 +0200 CEST
16ab53d5-590a-40c7-a339-099f86cf35a7;87.557909;2018-05-31 20:39:47 +0200 CEST
4bba004a-c2b5-44e4-8aa4-e1b494d65941;0.915610;2018-05-31 07:27:31 +0200 CEST
b8202590-97da-42af-a9dc-1d56424965cb;58.436962;2018-05-31 23:29:09 +0200 CEST
cbd0e4e5-7c70-4015-b8bb-509a0c671af6;91.688879;2018-05-31 14:25:55 +0200 CEST
100babcd-49a3-419c-a25f-7dda01afdc00;22.729156;2018-05-31 17:22:10 +0200 CEST
ea6fbb87-00e0-4493-946a-45fa577fc566;43.263481;2018-05-31 20:39:13 +0200 CEST
64eaeee6-4645-4fdc-9d88-15051de6cd66;56.254659;2018-05-31 13:22:56 +0200 CEST
e8d309e5-e2c7-49ec-872f-18089f1f6ebd;46.478240;2018-05-31 16:25:19 +0200 CEST
df8124e5-501b-438c-ae0a-4855f4614ba6;18.539197;2018-05-31 11:38:42 +0200 CEST
47f5e2d6-2370-490c-b837-4bb57874f8ae;50.893058;2018-05-31 20:50:47 +0200 CEST
fbdfb69e-6595-4994-abba-13850314f4be;69.164289;2018-05-31 04:56:39 +0200 CEST
ababd070-dad9-430d-81b6-dfb94e182c33;58.757848;2018-05-31 10:07:49 +0200 CEST
6a608829-093a-4552-9c75-206345279dc9;15.316510;2018-05-31 11:33:26 +0200 CEST
0b8e69ac-cbc2-4ea7-953c-a994b3059f33;52.599732;2018-05-31 02:28:01 +0200 CEST
af91e413-1018-418f-9b10-a9fd2af46e3d;80.175793;2018-05-31 15:30:40 +0200 CEST
89168345-6b4e-4267-9207-9ea7c85d48aa;67.036319;2018-05-31 22:04:46 +0200 CEST
2593a470-6d3d-4c32-964b-c5ad3245a861;25.784577;2018-05-31 11:57:11 +0200 CEST
5065de35-45ca-42f0-b861-1afcd4b02584;86.000276;2018-05-31 06:33:59 +0200 CEST
140f2f30-021a-4fdb-a5e0-039e083d324b;5.412428;2018-05-31 19:20:36 +0200 CEST
95554697-47df-4fae-b88b-5a49fbe566e6;64.654323;2018-05-31 23:38:58 +0200 CEST
6703021a-923c-4e68-b8d9-b05718b26b36;74.889334;2018-05-31 20:38:55 +0200 CEST
df3ba622-e267-40c8-be3e-9b4323b09459;71.502064;2018-05-31 11:57:12 +0200 CEST
8085fb2e-48fb-4af4-bbd7-29cd4ed523b9;82.800606;2018-05-31 04:50:53 +0200 CEST
a3dab5b2-68ad-4f2d-a241-791d6a28995f;66.931243;2018-05-31 22:35:37 +0200 CEST
4a02242d-5e6a-486f-9abf-dbbc4fef8754;49.269297;2018-05-31 03:58:08 +0200 CEST
baab09b8-54f3-40a9-a55b-1205a6ece12e;95.877733;2018-05-31 05:47:46 +0200 CEST
20f87f2b-35ab-4cb0-b727-797b9756b280;6.608304;2018-05-31 02:51:03 +0200 CEST
ddad6a36-cd3e-4cdf-9fd4-dfdd0b17490c;74.795759;2018-05-31 03:12:08 +0200 CEST
ae8edd18-91fe-4373-82d0-c2dfe8a89d55;75.592497;2018-05-31 20:23:00 +0200 CEST
5f131376-0419-41f7-b7dc-b7a882d45465;23.838077;2018-05-31 16:14:21 +0200 CEST
b7e8fe45-44c1-4d01-8c02-c3de63ea1234;61.347280;2018-05-31 12:55:35 +0200 CEST
799c32d3-b6ea-4f90-849d-27db5d2c86d6;69.304124;2018-05-31 20:03:41 +0200 CEST
6af67bbb-da13-4ad9-8f3f-75be50e4dd94;51.169023;2018-05-31 09:00:11 +0200 CEST
88edaed7-598d-49a4-b163-4cd161c89e55;66.416583;2018-05-31 21:19:47 +0200 CEST
8d22c079-1849-4733-94d4-994420a7b226;78.398329;2018-05-31 23:58:17 +0200 CEST
6220c22b-1451-4aeb-a0d2-142f2197fc66;44.950727;2018-05-31 21:06:48 +0200 CEST
4848845a-ee8e-4dcf-b76e-bc5bfab35e1f;63.221171;2018-05-31 03:51:31 +0200 CEST
6d09c934-22e8-40ba-b1d7-65884fc20ae9;19.460384;2018-05-31 20:59:40 +0200 CEST
ba112779-4c3d-4f5d-826b-29445d01cfe5;46.096794;2018-05-31 23:16:56 +0200 CEST
f4436125-5c2d-49e5-a34c-f2b3e67a988a;22.902544;2018-05-31 07:24:32 +0200 CEST
1f8f568f-ef33-4c73-8c18-4d436d1faa65;94.199725;2018-05-31 16:31:08 +0200 CEST
3292d414-a6d6-4438-b7d7-dbd6b2a56cad;3.917774;2018-05-31 14:51:37 +0200 CEST
8351d460-4f5d-44c4-a663-d25e925451f0;81.224363;2018-05-31 17:27:32 +0200 CEST
570b463a-b1e7-4393-880d-dcd3dff0673f;40.489955;2018-05-31 07:08:55 +0200 CEST
22618369-a683-4e89-92eb-bff37b18005b;89.661477;2018-05-31 06:07:30 +0200 CEST
52f71a40-ef23-4777-8239-47b651b90550;67.808695;2018-05-31 15:11:42 +0200 CEST
45161a2c-0663-422e-93e5-0112188930d1;3.821082;2018-05-31 07:14:41 +0200 CEST
7a49b7c8-f39a-4e42-90d9-4f9560bea2ea;16.552593;2018-05-31 23:47:15 +0200 CEST
d3cf3036-636b-4d82-8f1f-794bb7f86c53;70.485133;2018-05-31 09:30:57 +0200 CEST
5b985c07-9607-4eb7-9ac5-51eeb2251985;30.956853;2018-05-31 17:56:52 +0200 CEST
664ce572-2e29-45b4-8886-6bf3ec9986d8;79.426391;2018-05-31 20:03:11 +0200 CEST
3ed45d23-d028-4028-8778-1177b4254a01;31.189330;2018-05-31 10:22:09 +0200 CEST
a1a2b598-7a74-4981-b332-2ba13cb7ba75;66.560929;2018-05-31 02:33:55 +0200 CEST
0a84ff12-13b1-464a-8c9e-c09648a93e1b;69.954285;2018-05-31 04:40:20 +0200 CEST
398b7c17-524d-4c7d-ad15-b09a2cb39b03;38.927194;2018-05-31 05:34:14 +0200 CEST
521d7aa4-1b0f-45c8-98df-08c8bff8a182;38.687153;2018-05-31 08:01:42 +0200 CEST
a896c846-fd37-4f46-8e59-e5d9417f4088;8.208231;2018-05-31 02:30:50 +0200 CEST
5121486c-37c7-46b3-93be-899e8dca166d;19.101669;2018-05-31 15:31:26 +0200 CEST
a05eaf46-813b-44c2-8a1e-d1f3997906a2;82.677902;2018-05-31 21:23:37 +0200 CEST
d6bd8b84-1a93-46cf-8a51-4bc7b6ed992f;6.914731;2018-05-31 15:20:07 +0200 CEST
e641d0a1-3e17-45ac-97bd-90ef88d8c034;99.126533;2018-05-31 03:03:47 +0200 CEST
a153df23-776f-44a6-9c87-3ffcd99521b2;57.435690;2018-05-31 08:56:11 +0200 CEST
a2063a1d-dd95-4992-9905-cae25349b027;21.126924;2018-05-31 11:46:54 +0200 CEST
63256444-e61d-4730-8ad7-529eb9536cf1;76.921476;2018-05-31 02:31:00 +0200 CEST
25e11173-540f-4e6a-9df5-a3439e222889;16.128216;2018-05-31 13:38:35 +0200 CEST
da4ea965-f3c0-4d17-a093-b50df5364992;14.040787;2018-05-31 14:43:23 +0200 CEST
f0641926-09bd-4759-be8c-e4e1fac46b23;77.084022;2018-05-31 10:23:52 +0200 CEST
ae4a4116-79aa-4c7e-9b08-d08cac7a5d6e;31.025422;2018-05-31 05:56:24 +0200 CEST
d3282124-515e-48d7-8d30-e6f68f90f018;26.793770;2018-05-31 04:41:33 +0200 CEST
a48dead6-9359-454d-9569-2ae7d9cc3bf6;79.995031;2018-05-31 02:43:41 +0200 CEST
a1e32dee-3426-4e57-92e1-f97a43fe1ff3;75.559073;2018-05-31 05:56:47 +0200 CEST
42bf5045-ae42-458b-8ad1-22193656518d;42.867473;2018-05-31 23:31:18 +0200 CEST
7ef7fc87-35b2-4184-b788-3746cb09ff44;71.091307;2018-05-31 08:27:05 +0200 CEST
92d434a0-a854-4c76-be5d-74001b38a36d;61.398677;2018-05-31 18:08:29 +0200 CEST
b1a2761c-d76f-4e3b-a4c4-614e15256f28;91.074761;2018-05-31 22:52:22 +0200 CEST
a615ef3f-8005-448a-ba88-4966dce8b371;85.395658;2018-05-31 18:30:16 +0200 CEST
4d7f11e8-0b46-42e9-a392-6434087b51e2;56.515633;2018-05-31 16:44:33 +0200 CEST
44dad3be-21de-44b8-9429-37e73d3d579c;96.922529;2018-05-31 17:08:01 +0200 CEST
3f157a1b-2561-47a9-a6ee-ec1b83069b8a;87.287324;2018-05-31 05:29:50 +0200 CEST
1d322e31-49d1-4256-9552-090178f9db04;59.241764;2018-05-31 12:10:03 +0200 CEST
ea2f3fee-72b4-4c16-9203-14d9ab784f28;13.516682;2018-05-31 07:43:23 +0200 CEST
6db887d3-4996-41a5-9d1a-6e6034ae38eb;15.947724;2018-05-31 09:54:37 +0200 CEST
0705c254-705f-4d2f-968c-6fe1312ca081;66.388233;2018-05-31 07:37:03 +0200 CEST
1682446c-eed8-466f-8609-611d620d1993;74.490564;2018-05-31 22:12:33 +0200 CEST
c8cbd51b-5745-4489-98cb-c5abf19b216c;89.512513;2018-05-31 09:59:29 +0200 CEST
e52f0fd1-a02b-49ac-88a4-d43dc3375b68;99.993619;2018-05-31 13:08:40 +0200 CEST
6abfc1f6-6433-47d4-a21e-806b9f8b2569;50.097536;2018-05-31 03:16:37 +0200 CEST
b37aa38e-78d9-49de-804f-c31b0aac792f;80.143484;2018-05-31 04:05:00 +0200 CEST
3c6f1d94-0ae2-48d5-905d-06d8275b7d6f;44.770942;2018-05-31 06:10:37 +0200 CEST
90ba5f7a-3517-4712-a462-104832833aea;73.685023;2018-05-31 11:00:53 +0200 CEST
2a6629b5-a6cb-42f3-b059-e7690b1c5cd4;15.972873;2018-05-31 05:15:11 +0200 CEST
9fc7b310-4fc3-46c9-be77-ba8d4425a02a;33.588031;2018-05-31 15:27:41 +0200 CEST
f393210f-ebbd-4bcd-bb34-614762d14e56;92.386826;2018-05-31 07:47:28 +0200 CEST
f5db0fbc-b4ca-4e36-8716-3523823c321f;71.525993;2018-05-31 18:09:31 +0200 CEST
a80d294d-e922-444c-aa01-2884dbdfd034;64.316323;2018-05-31 20:44:17 +0200 CEST
85fc4cda-8ca9-400d-90a2-a742fbcfd056;8.763173;2018-05-31 02:15:56 +0200 CEST
4fde6115-492f-4505-a8f9-f0a51845d41d;6.115072;2018-05-31 04:58:49 +0200 CEST
4d1bec81-d155-47e1-bf99-108742a1a3e7;36.223265;2018-05-31 13:18:00 +0200 CEST
43f4651c-b356-458b-8acd-e17017bc0de3;88.596138;2018-05-31 11:26:31 +0200 CEST
89e62938-e3f2-44a4-a1d7-dac8709dfe18;95.308613;2018-05-31 15:57:40 +0200 CEST
61853b66-d874-4d6e-98b5-51ed26523759;21.334902;2018-05-31 21:49:10 +0200 CEST
221c3abb-e38b-42de-bad9-35ed9ba40f21;36.186593;2018-05-31 02:00:20 +0200 CEST
7c162c52-f1d0-4438-bc0c-ece80d18b2ad;36.675510;2018-05-31 19:09:01 +0200 CEST
a0f14068-c51d-4c59-96f0-93ebaaa95f5e;60.480499;2018-05-31 16:20:49 +0200 CEST
ee9a59ec-2dc1-482f-b4ad-ae84921a4c58;80.369366;2018-05-31 21:56:24 +0200 CEST
7e3be25c-778a-4495-9a75-f5071a96ec78;98.655014;2018-05-31 14:29:35 +0200 CEST
d2213fc4-fc51-4d1a-bfd0-46e30e0bf294;58.985656;2018-05-31 12:40:11 +0200 CEST
31205d73-47a6-4ed0-b8bf-b4cc3cd2ec36;27.596740;2018-05-31 21:54:03 +0200 CEST
a5339db4-824b-4e83-988b-6a5742f85f1d;69.602229;2018-05-31 16:34:41 +0200 CEST
9129cae2-45eb-4725-8622-a97295903ec7;81.710575;2018-05-31 06:46:51 +0200 CEST
9aa0bdd5-f5c8-40e1-ad79-0e7e7fb358f3;0.665910;2018-05-31 19:40:52 +0200 CEST
23307ee8-ef99-4a0c-85f8-50e10d3869d1;93.740441;2018-05-31 10:51:34 +0200 CEST
579884a4-6e2b-4cdc-850a-92e1e2481011;54.981550;2018-05-31 03:41:50 +0200 CEST
645d3372-c40d-4a0b-97f6-0993566f4826;45.774073;2018-05-31 12:46:01 +0200 CEST
0423afd7-bb2a-4219-87c3-139ccdcd634f;47.326377;2018-05-31 06:31:42 +0200 CEST
57e6ee8a-e1b6-455c-93d5-2c8a2de91da9;68.016814;2018-05-31 09:49:34 +0200 CEST
4a868557-0cb3-4dc1-ad93-d64d2f561596;63.261202;2018-05-31 08:29:22 +0200 CEST
27bc05b0-68c0-4a9d-84d2-daf72a24ddb4;63.595441;2018-05-31 14:59:11 +0200 CEST
e0a41fd3-a20d-4d90-8476-a49468634ae0;10.184053;2018-05-31 03:07:43 +0200 CEST
f69ef4d0-fbde-4d1e-b951-2acc77bebab5;43.903887;2018-05-31 23:31:13 +0200 CEST
9fecc43c-4fa1-4dc7-9e9b-05facb2ea990;72.044276;2018-05-31 20:51:17 +0200 CEST
65ea93d4-8162-4fca-84e6-02ec1d325901;33.861258;2018-05-31 21:47:33 +0200 CEST
bb596af8-3077-435b-b497-183d7b0034d1;7.832428;2018-05-31 16:44:43 +0200 CEST
0e9446a3-adcb-476c-bc79-6dd672495375;66.250904;2018-05-31 06:35:33 +0200 CEST
c7837156-5bc3-4136-bdc5-cfe5ef8f176b;83.484317;2018-05-31 05:07:21 +0200 CEST
8c1d934b-cc24-4e92-a402-af91cc66f8b4;27.653255;2018-05-31 22:06:19 +0200 CEST
48b96327-0b1b-46e9-8c92-3c1548034620;2.053851;2018-05-31 13:42:02 +0200 CEST
b941781b-e90c-41c3-8314-a2615c5a0324;64.723203;2018-05-31 07:49:01 +0200 CEST
5c77af44-fa82-4d48-ab4e-fe7e3904a959;62.081669;2018-05-31 11:13:42 +0200 CEST
b8542914-de20-4d92-b8b0-e4afa7017d76;85.837486;2018-05-31 02:48:10 +0200 CEST
f73d0f7e-ee09-4991-a766-45126237b139;93.749476;2018-05-31 22:23:00 +0200 CEST
34e0df3b-d3c9-4967-8557-ff0089123731;70.222376;2018-05-31 08:54:12 +0200 CEST
bee29e41-c18e-449c-a407-db82d1d53ccc;52.510503;2018-05-31 04:06:46 +0200 CEST
3838b0ec-70be-4118-b0be-03696d0341d0;27.662966;2018-05-31 20:20:47 +0200 CEST
b9de7387-0dfb-42a6-808e-55ab0e2f0e61;30.633694;2018-05-31 21:24:58 +0200 CEST
90e20971-426e-4e4d-8b41-f9506cff6e03;19.183610;2018-05-31 03:09:24 +0200 CEST
aebdfa9c-e150-4464-8b4c-a9ce1ba56b55;21.670943;2018-05-31 02:45:08 +0200 CEST
d817e52f-dee7-43a3-9b3c-23910fd974cd;9.020802;2018-05-31 23:54:32 +0200 CEST
1697afe4-f849-482c-9869-7203b773667e;46.225744;2018-05-31 18:05:04 +0200 CEST
7b2c1fc9-f021-4089-9c51-b2939062c2c7;49.447462;2018-05-31 07:39:06 +0200 CEST
9c21bea0-2aa7-4373-85cb-db9c8d38e4d0;98.775891;2018-05-31 10:06:32 +0200 CEST
a748693d-5bc0-481c-ab07-4444762983b4;5.487153;2018-05-31 10:13:17 +0200 CEST
eaf7b7d4-98be-4ae8-ada5-00acf1c10ebb;48.286509;2018-05-31 07:29:14 +0200 CEST
b912090c-c2f6-4b66-9010-6ff07356f197;69.139053;2018-05-31 15:44:16 +0200 CEST
272e8933-cd39-4ebb-8129-9e3e551502b1;86.661787;2018-05-31 15:16:19 +0200 CEST
2e9e88b8-8d6d-470b-aedf-efa93b3e8231;51.641299;2018-05-31 20:32:07 +0200 CEST
9d79ae50-8b73-420f-85bc-776563d353ee;93.058621;2018-05-31 07:27:36 +0200 CEST
9c5772d2-37d8-464d-9369-91676a6393e1;40.996009;2018-05-31 15:48:53 +0200 CEST
40d0b0be-b4d3-476c-a01a-0bbba57f7e55;78.699111;2018-05-31 10:09:46 +0200 CEST
2470808d-60eb-4458-8585-6a8991266cec;75.153440;2018-05-31 12:49:32 +0200 CEST
af3857e6-3562-4c11-8270-aabf018bde41;91.915132;2018-05-31 06:23:06 +0200 CEST
4d2bc088-e8df-4f98-9126-0e8dbe9bdc34;35.868060;2018-05-31 04:38:52 +0200 CEST
2243e4fa-dec0-4156-be45-7638ab7dd89a;75.863254;2018-05-31 20:07:00 +0200 CEST
b8cd9c8e-338a-4111-8316-d190a8bb6744;54.770296;2018-05-31 17:21:19 +0200 CEST
803e53c2-0a47-4ab5-8ecf-60b302b673ea;36.212110;2018-05-31 18:34:43 +0200 CEST
02319c48-bbcf-49dd-8d0b-622a0d7255f8;53.122973;2018-05-31 11:53:49 +0200 CEST
1ae08575-1e66-4f05-8192-0c6e0761bd84;67.411225;2018-05-31 11:00:09 +0200 CEST
5b32271a-b916-4010-afe3-7106d452a8db;60.013895;2018-05-31 03:42:33 +0200 CEST
67bb1136-6358-425c-889a-1caceebb1449;12.402616;2018-05-31 07:13:05 +0200 CEST
6dba390f-0614-4d14-a968-5a35c01431f5;13.451135;2018-05-31 14:57:06 +0200 CEST
b5810f57-f450-41d9-81ac-6dbc8284ff9f;67.672798;2018-05-31 22:07:31 +0200 CEST
86f28157-f93f-4efd-bdb7-beb2cc94e2d7;18.336846;2018-05-31 23:09:13 +0200 CEST
63f8df5f-070a-4b27-a508-45b13270498f;10.152531;2018-05-31 03:25:10 +0200 CEST
7eedf0bc-4b4d-4ddd-9fab-c62ba26a8c8f;53.986026;2018-05-31 15:31:21 +0200 CEST
0603f1aa-0052-4439-9005-cb611572f005;38.743091;2018-05-31 03:09:36 +0200 CEST
2a028997-4f96-44ff-8c4c-d1501878faaa;65.897477;2018-05-31 09:44:30 +0200 CEST
b3a5910a-9766-4e73-a21b-db1487c8a8fb;79.510819;2018-05-31 14:32:15 +0200 CEST
63c866f6-4f60-4e68-a7fd-95e7d086fa0f;62.709442;2018-05-31 22:28:58 +0200 CEST
3b811e75-637a-4410-8b06-afbc9843a29a;9.481918;2018-05-31 23:08:28 +0200 CEST
d4924b49-bd49-4e09-91a6-9d0fff8ca5c1;91.584329;2018-05-31 05:07:28 +0200 CEST
2950140c-e870-4850-a873-308d013117de;98.920378;2018-05-31 20:43:09 +0200 CEST
5243445a-b51b-4e28-92e1-b7c1d036ab97;90.916238;2018-05-31 14:59:23 +0200 CEST
60359e10-9ac0-487f-98b9-219d43298e59;28.845874;2018-05-31 03:32:50 +0200 CEST
960776b1-60e6-4e86-9b5f-a06f9aab771e;35.650593;2018-05-31 02:16:27 +0200 CEST
57a911ab-d0ce-4662-9d94-09ea10ad9ed4;18.631153;2018-05-31 03:19:10 +0200 CEST
3bfd35f7-65ec-422b-8322-1c37c4343500;81.751273;2018-05-31 03:10:36 +0200 CEST
1e8b0382-67b3-4452-9be6-81be9a233a86;32.348237;2018-05-31 22:40:53 +0200 CEST
527d65e2-ee28-4a82-b06f-a2c421c78df1;88.650732;2018-05-31 18:30:41 +0200 CEST
fa2b1bd2-109b-4ead-9616-51be8ef76c72;60.271853;2018-05-31 20:53:20 +0200 CEST
d519a434-a36a-47f0-a867-fe867d16fa9f;14.586339;2018-05-31 20:40:55 +0200 CEST
3f899f3e-763f-4b65-8fa2-c9129686304a;72.258794;2018-05-31 02:08:17 +0200 CEST
b28f2ce5-f552-41ab-86d7-7e729dc54528;88.437739;2018-05-31 11:33:55 +0200 CEST
6ef44e9b-66c2-422d-a4cf-bffa7e96b238;10.263277;2018-05-31 09:07:30 +0200 CEST
0ecf17d7-b442-47e1-a7e0-466ae36d545f;81.775882;2018-05-31 16:49:27 +0200 CEST
e02e3c5b-28ae-42d7-8868-4d23df92bc14;15.881426;2018-05-31 17:58:05 +0200 CEST
8b4af5d0-c4ba-488a-8b46-a257e9bad52b;28.958856;2018-05-31 02:55:19 +0200 CEST
85c40527-1cd1-4da5-ab2d-f3a9fc85d635;94.302435;2018-05-31 08:05:11 +0200 CEST
59b73955-0fd7-422e-bce8-e6a929fb1155;3.368050;2018-05-31 02:06:59 +0200 CEST
0037e9c4-882c-444e-aea3-dd7148f68a27;30.576683;2018-05-31 14:06:30 +0200 CEST
cfab1cac-715e-4d68-8487-402ecf805166;30.700348;2018-05-31 21:43:41 +0200 CEST
c270924a-66fc-4a99-a48d-77304d332bde;27.397011;2018-05-31 11:07:40 +0200 CEST
637ae4e3-aa68-4aac-952e-b5a4390c18c7;76.846553;2018-05-31 08:22:19 +0200 CEST
0c57a711-5bac-48c8-8f87-bdd6077fd6b8;17.574226;2018-05-31 19:58:54 +0200 CEST
3f883940-8f0b-42aa-b631-97224e28d843;26.725614;2018-05-31 10:53:22 +0200 CEST
aa141b82-f583-45de-a080-1d65414fbeee;77.288003;2018-05-31 03:55:51 +0200 CEST
04f8c800-59d3-43c9-8f21-11acfcdebca1;32.270918;2018-05-31 15:37:56 +0200 CEST
c70be0b3-954f-4ab9-98a5-98bf717ea979;96.558757;2018-05-31 04:58:49 +0200 CEST
77e5a266-3585-496a-93c9-e3ab06e8f5a4;63.785656;2018-05-31 05:37:20 +0200 CEST
bf81edfc-a99e-47dc-9488-159d0c00f393;22.989171;2018-05-31 12:32:09 +0200 CEST
f7a74325-a4a9-43de-92be-4a7678a3a6b1;47.796796;2018-05-31 15:29:28 +0200 CEST
f9ffa7ab-b231-41b9-82fb-d3a8cb3b6c68;26.047038;2018-05-31 04:20:21 +0200 CEST
45772888-4e53-4e2d-975b-5364fbcc6732;99.369163;2018-05-31 16:23:28 +0200 CEST
fe606b5d-742c-4d40-b96d-690613765092;44.777609;2018-05-31 05:30:45 +0200 CEST
4bf21311-1400-43d1-a745-cc4b9d9172bd;12.958685;2018-05-31 21:53:44 +0200 CEST
b26b603a-bf6a-4d87-852a-1b167622d009;68.570220;2018-05-31 16:50:12 +0200 CEST
261a841e-e840-418a-bee0-bf60839115bc;19.278441;2018-05-31 17:30:09 +0200 CEST
79259855-4d18-4fe5-b9e6-8de297e30286;45.307658;2018-05-31 17:55:05 +0200 CEST
a6297c0a-50de-4e56-a68c-270ca047ed90;52.347907;2018-05-31 06:27:03 +0200 CEST
e6fbf477-3c90-439b-ad7e-69e2e0795f01;31.553840;2018-05-31 05:50:41 +0200 CEST
fd671302-cca3-417d-a87e-d85937840085;78.295338;2018-05-31 14:20:16 +0200 CEST
f4ceae3a-f296-472c-b099-7f7962a81803;17.059839;2018-05-31 08:26:28 +0200 CEST
93226410-b633-4f5a-85a7-ecd116a42c8f;63.317826;2018-05-31 08:35:47 +0200 CEST
0c920b51-061a-4060-8bd1-d3bf2fbf0bd0;63.021138;2018-05-31 08:12:01 +0200 CEST
d643663e-8866-4148-927a-3d9394d6ddb6;33.005890;2018-05-31 04:24:26 +0200 CEST
3b1de2f8-a570-438f-9086-7348e4728337;40.115364;2018-05-31 16:00:59 +0200 CEST
3e6271c4-8116-4e3f-8579-4d4ddd702bf9;3.888785;2018-05-31 22:10:47 +0200 CEST
4b97fc84-2544-4498-b7b7-6d9585147fa7;75.496980;2018-05-31 14:59:10 +0200 CEST
02348ff6-58ee-4e44-9eac-eee248f73a8f;85.146902;2018-05-31 19:35:59 +0200 CEST
316cf4db-b5b8-4f91-910c-ddb12e9ad2cd;32.186104;2018-05-31 18:13:45 +0200 CEST
c05e61d6-0e41-4436-a24f-66af1a4aca3b;62.499291;2018-05-31 02:29:22 +0200 CEST
3195c53f-e55a-45ab-bd53-545bfc39469d;31.873978;2018-05-31 04:06:20 +0200 CEST
af30a9f0-93c5-4b35-8747-ffc9299b440f;92.313693;2018-05-31 14:18:09 +0200 CEST
578198ef-aec0-4355-bf4f-79cba3be6b54;97.005102;2018-05-31 23:22:46 +0200 CEST
783a18e8-43a7-41bd-97f1-7aad0d16ceaa;4.893474;2018-05-31 11:51:06 +0200 CEST
b80d12ce-5474-4b59-9a33-23f203740158;55.971042;2018-05-31 11:09:52 +0200 CEST
f1b8e649-c1bc-4d79-bfaa-dc87d5d88b2c;0.947304;2018-05-31 21:40:46 +0200 CEST
8e55fb94-7ad2-480d-8021-687043e5b8d2;78.355532;2018-05-31 07:40:07 +0200 CEST
d6171090-0e80-4a5f-9183-33dd70931e2a;44.348953;2018-05-31 02:23:48 +0200 CEST
0f68f6ae-f709-4a42-8b4a-67c1c6bb3c17;55.537738;2018-05-31 14:30:12 +0200 CEST
a422adb9-c3fb-41af-8f41-4314b7810913;63.148533;2018-05-31 06:51:27 +0200 CEST
9228a5ae-da96-4834-86cc-08099aee7653;19.169237;2018-05-31 03:00:57 +0200 CEST
378a410a-f228-47a1-88bb-549d78b30d48;93.293082;2018-05-31 14:40:43 +0200 CEST
2a8f8508-3baa-4f5b-a60a-fea72f660a74;49.917489;2018-05-31 02:41:04 +0200 CEST
99488e41-84e4-4098-92b0-ea287dcb665b;82.333065;2018-05-31 19:25:43 +0200 CEST
f25f0355-3088-4339-abe5-8ba45dc82510;21.779451;2018-05-31 21:11:27 +0200 CEST
942151e3-86e5-4a67-98ed-9be8ec740a07;6.709691;2018-05-31 03:02:41 +0200 CEST
f9539b79-1e7a-4542-a6ec-c26ab6ad3adc;43.159604;2018-05-31 15:08:56 +0200 CEST
71e107eb-2a8a-454b-a4bb-4c3d3c4254e1;55.005117;2018-05-31 02:25:19 +0200 CEST
cee7f8b9-241e-4da1-ad8f-9ce4e838bace;5.365069;2018-05-31 06:56:59 +0200 CEST
be80f16b-57aa-40be-96b8-7cdedf47dd6b;27.218107;2018-05-31 22:29:30 +0200 CEST
4eb428e7-ac9b-4fb0-b40a-5aa6c11d0098;81.986306;2018-05-31 20:54:13 +0200 CEST
8012ef03-4ab1-42df-86bb-9ce76117b1c6;54.842584;2018-05-31 18:44:20 +0200 CEST
0151d32d-b75f-4984-afc1-04dcb146c0c3;95.841871;2018-05-31 20:39:26 +0200 CEST
c3fe4223-a071-47c3-a1ec-02cdf6ca480f;41.795742;2018-05-31 04:49:00 +0200 CEST
8d291d74-5369-4a45-bf2d-546942de4f8e;85.527060;2018-05-31 23:05:19 +0200 CEST
6de9e6a0-68e5-4352-acfc-827607017f73;15.321221;2018-05-31 03:30:34 +0200 CEST
4719a96f-1080-4c6d-9760-56fbc4bfd8a7;90.713264;2018-05-31 19:05:59 +0200 CEST
2a8984f4-589f-40f1-9391-8f6fdd57154f;89.306464;2018-05-31 20:47:14 +0200 CEST
f6524b27-60cb-4147-b350-eb5ab11fc17e;64.519910;2018-05-31 07:18:58 +0200 CEST
c2e48e31-6d35-42cc-a03c-4edaa115efb0;20.367619;2018-05-31 13:09:21 +0200 CEST
1f3d9266-71d3-4f2a-b241-dd0949f3270e;9.871692;2018-05-31 21:39:51 +0200 CEST
2706ddbf-5d06-4a32-bfe1-7d3f42fc3963;40.643144;2018-05-31 19:08:12 +0200 CEST
64a6729e-3889-404d-b8a9-9d7f2d7855ec;80.468330;2018-05-31 07:14:32 +0200 CEST
52be6f57-1fe1-42d5-9d05-e343b8812860;64.752650;2018-05-31 06:13:05 +0200 CEST
9a263e94-fa6e-40dc-9249-62a33abcae64;98.890081;2018-05-31 02:44:49 +0200 CEST
b658f7b7-50da-440e-93ce-cc9c09693aec;25.160596;2018-05-31 13:41:54 +0200 CEST
e2f14c8f-11c5-4fe1-914c-b7d1cad399d4;33.978548;2018-05-31 20:10:29 +0200 CEST
c0e2a222-bea7-4d9d-b1bb-7f2a2e5e7c90;22.254858;2018-05-31 11:43:55 +0200 CEST
a7c2c664-48f5-42ec-8eee-908bdb13c8c3;73.700917;2018-05-31 03:59:39 +0200 CEST
41a07d94-7e2f-45c8-9a99-162449d50b13;17.156308;2018-05-31 10:03:03 +0200 CEST
f551a8cf-efe9-4b6e-86c7-3af5b57d930b;2.540654;2018-05-31 22:25:30 +0200 CEST
0a4458de-b51a-41ac-8b98-e37799ac8bd7;15.735719;2018-05-31 08:51:55 +0200 CEST
b8519da7-9615-43f5-8fe0-84ed61d8bf61;3.880797;2018-05-31 22:55:44 +0200 CEST
ec8ed48e-ac93-4bee-a116-dd8e9d959d7b;75.746822;2018-05-31 23:26:54 +0200 CEST
ec3ab248-44ed-4c46-8877-09d79ff5cf60;49.969004;2018-05-31 14:52:00 +0200 CEST
c2125b2b-469a-4c6a-abc7-b445647cf4ec;55.108386;2018-05-31 14:06:28 +0200 CEST
911b020c-8b68-419f-9abb-8b1fdff017b3;27.905562;2018-05-31 07:52:46 +0200 CEST
8b33d9f4-4263-48ef-a090-eaca933196b4;28.879194;2018-05-31 02:45:24 +0200 CEST
4ab2dbbb-67d7-4196-81fb-1cd2e3f6f260;74.782728;2018-05-31 19:47:43 +0200 CEST
d7ad1a0c-fa3c-4eeb-9139-d3cdcdd4c33f;23.206850;2018-05-31 05:46:31 +0200 CEST
05deb4f1-e460-4cc5-9e4f-8acf6aebf4d6;55.226619;2018-05-31 08:13:00 +0200 CEST
62f70957-b598-4f81-843d-e3086d9d7831;9.450412;2018-05-31 15:30:07 +0200 CEST
fe47bc7d-361e-4e5d-9b3a-713cb9d22a8a;55.109163;2018-05-31 07:52:10 +0200 CEST
f4bf0788-3c7c-4732-9d1f-2bfe3b4523e6;15.878511;2018-05-31 11:30:21 +0200 CEST
dd9c1bd5-b323-49cd-b929-10bd23bc4f35;82.117720;2018-05-31 14:26:08 +0200 CEST
1e4e0691-34eb-47a3-a26e-dfe20b5e3981;85.347893;2018-05-31 16:42:25 +0200 CEST
2788d695-2ef6-4fcc-b1af-2e8ec978a58d;9.700470;2018-05-31 18:30:03 +0200 CEST
ae11838d-8149-45dc-8316-75b7aeb06a99;46.062166;2018-05-31 23:48:49 +0200 CEST
7fb6a3d4-e2db-443c-827d-57f1aa508fc4;47.752366;2018-05-31 23:48:30 +0200 CEST
0fafa043-882b-48f7-b2f5-270e76bd013d;20.473588;2018-05-31 12:14:54 +0200 CEST
ecee4ad9-cb6e-4fbb-813a-6c38f2ed6d25;7.181420;2018-05-31 12:13:46 +0200 CEST
6d6fde60-0955-442f-a510-f10ec182324d;3.672101;2018-05-31 03:51:42 +0200 CEST
c4309e5e-ec8c-4ee7-8806-99bede0376fe;7.804260;2018-05-31 13:22:22 +0200 CEST
6f9491f8-2101-46ca-9b7a-d360e71a915b;61.086058;2018-05-31 18:39:08 +0200 CEST
0351b58a-ecd4-49cf-8e52-368c53fb8b80;10.572643;2018-05-31 08:45:25 +0200 CEST
9e0cbb7b-16c9-4332-b19a-b6e0234a50af;27.514331;2018-05-31 04:16:15 +0200 CEST
2cf4bf04-9f12-4e31-a9d8-05ab6fce0809;47.974802;2018-05-31 18:12:47 +0200 CEST
43faf901-ada3-4d01-9eca-15e2db2f781a;53.226013;2018-05-31 19:51:12 +0200 CEST
85550902-6eac-4f87-86b8-68bab466369a;37.310618;2018-05-31 10:18:43 +0200 CEST
31367e1c-28fc-418d-9dab-51593cad4b8a;39.135831;2018-05-31 09:51:39 +0200 CEST
0a6bcb87-f8be-43eb-b1a1-4668e7a3db17;91.694693;2018-05-31 04:43:03 +0200 CEST
e49cef88-42b9-4af5-86ca-16826c410975;88.491464;2018-05-31 06:34:14 +0200 CEST
781e2774-9559-44d0-9b87-4168a833c6af;47.178238;2018-05-31 14:49:53 +0200 CEST
96cd8217-000e-4890-8291-ae0d70d8bfdc;90.125024;2018-05-31 08:17:49 +0200 CEST
ee95cbdb-05c9-45e6-b8a8-7c3a21fb795a;20.257987;2018-05-31 10:34:36 +0200 CEST
a8de4987-108b-4071-b6bd-6eb7adb0ffd7;61.948472;2018-05-31 19:42:52 +0200 CEST
74ef12e3-10bd-4149-a451-208da9459a25;22.217533;2018-05-31 15:17:47 +0200 CEST
91cd13a0-602d-4d9b-9114-5c38230fd43e;26.869957;2018-05-31 16:52:24 +0200 CEST
6d72ec8c-19fc-497c-b3a8-780e0d988921;19.485935;2018-05-31 11:16:59 +0200 CEST
cec069aa-aa75-482b-84b3-5c470071d4fe;11.079592;2018-05-31 10:55:47 +0200 CEST
cf1d473a-f82d-49b3-a53b-098f488356b1;28.053831;2018-05-31 21:24:04 +0200 CEST
7b1d5da2-7a80-446c-a4ab-e050bd7c6e0f;61.639307;2018-05-31 21:08:51 +0200 CEST
8e592a72-60c6-4e02-bb7b-aa0407a6a173;74.878016;2018-05-31 17:14:47 +0200 CEST
5fc69ef9-216e-4320-845c-4e12ca259644;56.510739;2018-05-31 04:48:01 +0200 CEST
1e2e6363-d81c-4a8d-bb8d-32a67c1ad47c;76.615328;2018-05-31 15:39:41 +0200 CEST
91ee4721-d608-4ef5-b448-cb2659f9c612;41.558057;2018-05-31 13:52:50 +0200 CEST
c598367e-42dd-48a1-95e7-c3d6f14d11dc;9.056177;2018-05-31 15:37:55 +0200 CEST
e1b063ef-bbe5-4856-bdb3-7172cf8ebdde;31.046774;2018-05-31 11:07:00 +0200 CEST
8e55f504-9c57-4a9d-899c-9e14a51bdf15;74.183566;2018-05-31 15:34:32 +0200 CEST
198f1d63-f3ac-416d-a39b-cc5b83eb7f10;20.368346;2018-05-31 14:17:10 +0200 CEST
f328d52b-bc14-463f-a3c5-bce224f1c53a;80.560008;2018-05-31 09:23:35 +0200 CEST
762858f6-ae51-45f9-8fa6-67b7e291e488;66.161093;2018-05-31 20:37:42 +0200 CEST
4371f8a8-df42-451a-955a-d4c538acd5fc;62.360071;2018-05-31 07:45:56 +0200 CEST
1681e27e-e411-4cbd-918b-28da7af50d3b;27.842400;2018-05-31 10:55:55 +0200 CEST
16414bc5-1e6d-40bb-a40c-3f5b908fc3d1;92.629429;2018-05-31 03:47:27 +0200 CEST
4afed0a3-1796-4843-9556-20036b17507b;31.428787;2018-05-31 08:36:06 +0200 CEST
ddca462c-f4ac-4106-876c-2cd3d27a0992;68.689538;2018-05-31 10:20:00 +0200 CEST
deacefae-3ec5-4cb6-ae1b-e26642bdf7a9;32.864148;2018-05-31 09:53:22 +0200 CEST
d7e06b9d-0db6-4114-9f7c-ab2fb0170cc6;84.852408;2018-05-31 15:19:58 +0200 CEST
93bd9be0-5363-448b-bf76-e7f69e3fcdd4;91.710816;2018-05-31 17:31:48 +0200 CEST
2fde666e-14f4-4d93-9a3c-053cf3de015c;56.299071;2018-05-31 21:45:19 +0200 CEST
4043ede4-12bf-4a9a-afc4-1b9db57e9be5;31.339297;2018-05-31 05:10:25 +0200 CEST
2969715b-6af1-44b8-898d-f52c38a2dc42;8.430912;2018-05-31 12:15:51 +0200 CEST
315a9b1e-047d-46b7-b92f-d00e3bec13b1;68.092283;2018-05-31 05:46:01 +0200 CEST
225bba35-2df8-4aa9-a62b-833bb3139fd9;43.773241;2018-05-31 04:17:42 +0200 CEST
8924fc75-1743-4b9a-bf64-20caa06c2507;77.402714;2018-05-31 06:56:40 +0200 CEST
3bb62015-8270-4c3d-b94d-2e5f36864814;50.651035;2018-05-31 17:07:36 +0200 CEST
323fcb98-22e9-474a-8fa2-f3ac3d218c8e;93.523178;2018-05-31 18:02:36 +0200 CEST
b3a74293-ebb8-4086-b043-5ec90e78c341;25.442490;2018-05-31 10:51:59 +0200 CEST
81290a9c-679b-41c3-822e-f49a5a196b0e;15.381210;2018-05-31 10:37:23 +0200 CEST
d1e938bd-14e0-4074-a061-505c47434a77;36.334919;2018-05-31 04:41:52 +0200 CEST
ef32a0d4-8d39-43c9-8109-839f020b5c6f;67.776870;2018-05-31 06:19:56 +0200 CEST
46d0be83-a509-4b15-ab5d-4c0616af8b78;80.582555;2018-05-31 08:48:35 +0200 CEST
cc49ad5e-76c8-4ab7-a478-7b9830b65b56;10.497367;2018-05-31 07:40:27 +0200 CEST
ff29f6e1-9555-414e-8cb6-af565202b788;10.591113;2018-05-31 21:30:47 +0200 CEST
5bbc23e0-f296-4493-b009-5754621fd4f8;22.198710;2018-05-31 22:05:35 +0200 CEST
293046a1-7fc3-4b29-88a0-a59a6bb6ae97;39.593243;2018-05-31 19:03:13 +0200 CEST
9a4a8e00-00a5-4bda-ad6a-e36203403966;81.082233;2018-05-31 22:20:49 +0200 CEST
02a41a52-7246-4afb-a3ff-3540eed65825;2.778351;2018-05-31 08:13:33 +0200 CEST
558a3491-3896-417c-a457-9ac1545f1007;71.717285;2018-05-31 18:12:33 +0200 CEST
c9ec23fe-f17c-4281-b0f1-e1e7dd69cbd6;50.077418;2018-05-31 11:59:42 +0200 CEST
ead2392d-4d81-4b7a-956f-876e9841cd87;63.974260;2018-05-31 03:10:42 +0200 CEST
f6ce8794-6c82-4bc8-a49b-d5441b7ed7ee;44.008989;2018-05-31 17:35:02 +0200 CEST
90542d56-b8a1-46b1-9795-aba66684a988;83.276742;2018-05-31 05:54:40 +0200 CEST
d73e0fff-c63d-4053-a600-a282bdf57221;57.589855;2018-05-31 18:04:32 +0200 CEST
8a927f8b-31ea-44ce-b97a-8ba0b76ad826;41.126935;2018-05-31 19:03:10 +0200 CEST
f3129074-de4e-4b20-9f2b-0127dc938dc0;78.039658;2018-05-31 03:36:35 +0200 CEST
e28c5702-14f8-441c-8b17-fb4b828fa6db;71.350172;2018-05-31 10:28:34 +0200 CEST
eb6315f7-1d4e-40c8-95a5-82402b040e0d;43.999995;2018-05-31 18:15:49 +0200 CEST
4c5af213-ce40-42a8-8e6e-127bfa548b03;40.016890;2018-05-31 03:00:01 +0200 CEST
eca6c47b-e82f-4e30-9a44-85a396acb91b;51.041208;2018-05-31 06:07:35 +0200 CEST
ea20dab2-ada8-44d6-8c44-91f61f5cc8bf;96.295149;2018-05-31 10:57:34 +0200 CEST
e6f5bcfc-e61f-4488-a7ad-746c9bf9ea2b;42.513087;2018-05-31 19:20:51 +0200 CEST
45f8e366-21f0-4644-b11f-d4aecaa90e9e;57.508824;2018-05-31 23:05:22 +0200 CEST
a9b754e5-c8ca-49e8-aba9-6674fb304fc3;20.405131;2018-05-31 11:44:14 +0200 CEST
4f78ef84-86ec-469d-ae37-06c169df9dbe;42.491316;2018-05-31 16:58:20 +0200 CEST
4cac319e-64ca-4993-b518-69a40026a9c8;16.878423;2018-05-31 09:26:13 +0200 CEST
7e611787-2398-4a31-9fbe-f8528c7f2e97;7.468883;2018-05-31 03:14:11 +0200 CEST
b3810ccc-66b1-4ea7-9520-d62b809d6b0e;33.709394;2018-05-31 13:49:31 +0200 CEST
594ce3ca-8c1c-445f-8243-dd56abc262b1;93.472595;2018-05-31 02:41:18 +0200 CEST
f4e038b1-806e-4a32-a50b-10576caa5462;69.082896;2018-05-31 05:30:01 +0200 CEST
eea39d62-a724-4f9b-b767-2ffd80c5ca7f;47.215692;2018-05-31 22:46:45 +0200 CEST
006e8be7-c5bf-4d6f-9f1c-5f468b8044e7;3.192302;2018-05-31 16:23:41 +0200 CEST
b4184750-7868-4d28-af70-b83137b0b08e;3.430732;2018-05-31 17:02:48 +0200 CEST
b1788ebe-c7b7-4b7d-b44d-18f4bf655eea;76.656338;2018-05-31 17:41:53 +0200 CEST
fc41d20f-bed7-4b33-838a-a2540a8e5d8d;88.049371;2018-05-31 06:44:02 +0200 CEST
2655af99-13a2-46b9-b58f-0e4e48f8dece;10.811072;2018-05-31 20:53:38 +0200 CEST
09270dae-aa3d-449f-89a0-bd1af2eb1d9b;93.840217;2018-05-31 21:57:58 +0200 CEST
cc628baa-e199-408d-b5c5-1659b1888174;45.792597;2018-05-31 04:05:48 +0200 CEST
57e49332-2998-4460-8bb8-6d596168c3fa;82.363203;2018-05-31 10:17:02 +0200 CEST
cd74d26b-0c90-4907-a37a-df0e303cce7c;13.830757;2018-05-31 10:10:50 +0200 CEST
a6114f68-48d2-48a3-99bb-26c1f8568af6;62.064961;2018-05-31 05:16:34 +0200 CEST
8e5f6c52-64e9-4abe-a87b-eb9357dd8be1;15.446051;2018-05-31 18:41:09 +0200 CEST
e96058b6-51e8-44cd-87a5-f7ed54f328ac;29.156642;2018-05-31 13:50:19 +0200 CEST
ce419300-26db-4e41-ab15-8770b7e392c6;74.573820;2018-05-31 10:00:00 +0200 CEST
bfe20d48-2241-4148-9cf3-524b0f7a0d50;41.935672;2018-05-31 14:14:24 +0200 CEST
84e36e3b-5f29-4799-8d7e-a034a0fc2186;80.135281;2018-05-31 06:57:08 +0200 CEST
510190ae-f2a1-4cf7-86a9-cd2644c79a3b;43.418549;2018-05-31 02:20:16 +0200 CEST
d0eb5c53-8b80-46d9-9aa9-c5f66f5ac0d5;62.906048;2018-05-31 06:59:30 +0200 CEST
37fb229e-548c-40be-a79f-8fc898427774;26.837313;2018-05-31 09:06:27 +0200 CEST
1167b0af-a5f7-48f2-99d4-da1ce838807b;82.375617;2018-05-31 23:32:48 +0200 CEST
bcb5821d-6c16-430c-a339-e55bcf9b5d60;5.024044;2018-05-31 10:44:09 +0200 CEST
0a8242aa-6377-43e5-bf18-edaf2ea68e9c;38.832751;2018-05-31 18:18:22 +0200 CEST
22ca8178-78fe-469a-8609-07b28eda2d20;88.015505;2018-05-31 04:18:02 +0200 CEST
2ffd9dda-d21b-4ee0-b0f0-34790473a55f;16.558989;2018-05-31 06:27:57 +0200 CEST
ab253af1-715e-4391-88a5-41456315474c;35.317047;2018-05-31 08:30:00 +0200 CEST
834ae4b6-2208-45ef-baa6-094f8f0202c0;75.248146;2018-05-31 11:39:35 +0200 CEST
c8841968-5d48-441a-b469-1e7901740266;4.262867;2018-05-31 07:09:11 +0200 CEST
580c53a4-907b-46a2-a2c1-82ee6d283c24;92.125577;2018-05-31 09:18:03 +0200 CEST
ed80ccab-6ec7-4e9b-a8e6-81713e397024;68.035489;2018-05-31 14:38:04 +0200 CEST
0c911179-abf9-4423-bbff-98fdd729a5f6;98.970238;2018-05-31 04:01:39 +0200 CEST
abf0a36d-95a6-4c02-96a3-6180ee6094d3;82.089665;2018-05-31 13:27:20 +0200 CEST
10049bcf-9495-4e7a-9cb2-b99907537f3a;16.318206;2018-05-31 23:08:45 +0200 CEST
6330a318-9968-4b36-aa85-ec4f3fbf185d;21.863981;2018-05-31 08:36:13 +0200 CEST
3f4b0200-a123-4f5a-8fc1-622c1632f671;90.162133;2018-05-31 15:05:48 +0200 CEST
173da43e-5add-429f-b5ca-4818d6146140;33.303599;2018-05-31 21:11:03 +0200 CEST
488c64e5-f4b7-4fd7-a022-217eafe5923c;14.811510;2018-05-31 03:12:24 +0200 CEST
a8399cca-6969-44cb-a05a-bdfadf6f10bc;58.703437;2018-05-31 15:53:44 +0200 CEST
93bd9d46-be4d-4a00-a6e1-aba81f4cc3cf;98.052884;2018-05-31 18:02:05 +0200 CEST
5a650c5d-4e3e-4296-88a1-f3e1c6966e77;88.421025;2018-05-31 18:18:00 +0200 CEST
72f3dd91-b056-4be6-9d04-68e0f7a6220e;16.310778;2018-05-31 05:52:48 +0200 CEST
0b12e687-2d60-41ca-afda-0c44f768d4f7;38.608073;2018-05-31 05:02:04 +0200 CEST
ab0b9d99-c3f8-4354-a9b1-edeff1f23da9;11.917730;2018-05-31 20:42:14 +0200 CEST
f803d198-c6ec-487e-9c5e-8609805dff78;7.843603;2018-05-31 15:10:24 +0200 CEST
2b99b61a-76dc-4522-b786-7272086f25c3;23.893467;2018-05-31 19:44:50 +0200 CEST
651b6a33-5cef-4597-a95b-51df51eda3b2;30.875211;2018-05-31 03:44:36 +0200 CEST
59252de1-9cc0-4515-ae24-b6614447d87b;17.355310;2018-05-31 18:30:22 +0200 CEST
774c5110-4f79-4970-a0e0-62a756bb5222;74.011260;2018-05-31 09:21:34 +0200 CEST
1cac27af-a854-4b5d-b9b0-018679e96f34;1.477382;2018-05-31 21:03:24 +0200 CEST
601607b1-c982-49d2-9cf9-c1c8a2481a84;72.349078;2018-05-31 17:01:30 +0200 CEST
1e65def9-bc59-4b0c-a55f-2562963f1eb6;55.046843;2018-05-31 14:50:22 +0200 CEST
a69e169f-a80b-4562-acea-33f43b4aba33;27.330265;2018-05-31 07:24:53 +0200 CEST
94b46993-398e-445f-adf8-1cc664caaa4b;1.893658;2018-05-31 23:12:18 +0200 CEST
1ff1c159-9cb2-49f0-b9c9-117381a3575c;85.744835;2018-05-31 19:58:40 +0200 CEST
002505e3-82cc-4d78-b0ae-7706b02e691d;63.915606;2018-05-31 11:24:41 +0200 CEST
c25d131e-6d1c-4f45-9b7d-773e848e0364;59.286617;2018-05-31 20:06:53 +0200 CEST
8c457165-eb9c-4738-aee6-ec5031d99dcd;68.282604;2018-05-31 07:16:00 +0200 CEST
790db5f9-fc3b-4207-bd92-924c3bbaa2cc;90.636326;2018-05-31 09:28:03 +0200 CEST
0aeb9bdb-ef14-4314-8505-c30c68b359c3;58.411819;2018-05-31 06:45:35 +0200 CEST
3011e819-0831-4d23-9ba3-e6a9dd062fa5;61.779963;2018-05-31 09:05:34 +0200 CEST
422ca7b1-74a8-48da-9576-8ec5849cd822;13.097073;2018-05-31 07:37:16 +0200 CEST
1179bfa7-57b7-466a-a7eb-b739e6865bbe;63.724815;2018-05-31 15:46:15 +0200 CEST
87466c52-9465-4b6e-a575-5bbbb20d1650;93.571946;2018-05-31 16:40:21 +0200 CEST
3963e635-8f37-4722-bdaa-8569d4552d32;48.986972;2018-05-31 18:51:54 +0200 CEST
bdd8705e-99a7-4dda-b1fd-2d5322122108;56.733909;2018-05-31 18:04:33 +0200 CEST
05fdee64-8c20-4dd2-bee7-8c2fd45f1fa0;81.148322;2018-05-31 23:20:24 +0200 CEST
70f2e498-02a9-447e-a0ce-cab3612ca623;6.193365;2018-05-31 14:34:29 +0200 CEST
b1277ed7-05ff-4cfc-8319-d7020dfa8d22;33.853899;2018-05-31 14:32:41 +0200 CEST
e0360682-a2e1-4818-b6d5-a4d37e336edb;69.622109;2018-05-31 14:09:12 +0200 CEST
9a94be1e-38b3-4eeb-a434-a9fda798dde0;61.759266;2018-05-31 04:14:32 +0200 CEST
91d69025-9e69-47ab-b954-a79d1b4e848f;56.449466;2018-05-31 23:57:10 +0200 CEST
bc5d75d0-73ec-4279-8a51-82852e4beb42;36.252668;2018-05-31 02:21:12 +0200 CEST
ad61440c-e380-4606-8d2f-6c756a530ffc;5.275836;2018-05-31 12:41:33 +0200 CEST
d695d43f-f2df-4f47-98ed-c6eab230cc66;62.088818;2018-05-31 22:38:30 +0200 CEST
1e8f0833-b83a-4f4a-976c-0a06d1332d9e;40.356151;2018-05-31 02:51:00 +0200 CEST
96270892-4f81-42f5-8ebb-9bf0bb05449c;98.468869;2018-05-31 08:38:46 +0200 CEST
bc4226d6-779d-40bb-a4c1-6c7e0f3d5ef7;4.090902;2018-05-31 13:50:07 +0200 CEST
d8987d3a-d455-4eed-83b4-de3012deeb16;39.126145;2018-05-31 03:52:25 +0200 CEST
af42d889-e667-4fd9-aaf8-4c966ef646d2;17.451486;2018-05-31 21:53:17 +0200 CEST
2ff831eb-e07a-4a91-83a2-810c7406c649;60.320356;2018-05-31 09:28:51 +0200 CEST
286f181f-6f0b-4747-8db6-37e5899e15e0;96.074371;2018-05-31 04:40:21 +0200 CEST
07813632-0e4b-401c-bb35-214bf12c406d;36.110732;2018-05-31 06:41:39 +0200 CEST
55021d4f-65d1-4e4c-ac9d-08e2cedd252c;35.607281;2018-05-31 20:50:12 +0200 CEST
8602c341-4e75-4d61-9fc5-04c27be82b6a;17.258792;2018-05-31 21:43:07 +0200 CEST
9acef3d7-56f3-4204-8ef1-2e2a477065ec;2.411531;2018-05-31 17:17:58 +0200 CEST
